Player,Age,GP,MIN,PTS,REB,AST,STL,BLK,TOV
A.J. Lawson,25.0,24,226.115,101,43,7,12,4,6
AJ Green,26.0,78,2269.9333333333334,809,213,152,39,8,75
AJ Johnson,21.0,48,453.43333333333334,160,55,47,11,3,30
Aaron Gordon,30.0,36,1004.9583333333334,582,209,96,21,10,38
Aaron Holiday,29.0,57,780.7316666666667,312,58,60,27,5,38
Aaron Nesmith,26.0,45,1334.95,621,187,86,26,23,63
Aaron Wiggins,27.0,65,1413.98,611,199,109,60,28,81
Ace Bailey,19.0,72,1987.6433333333334,993,302,131,60,49,107
Adama Bal,22.0,8,241.315,83,25,19,9,1,6
Adem Bona,23.0,71,1234.1616666666666,344,307,32,30,82,56
Adou Thiero,22.0,25,148.90333333333334,47,28,10,7,2,9
Ajay Mitchell,23.0,57,1472.7983333333334,774,190,206,71,18,81
Al Horford,40.0,45,969.185,372,219,116,30,51,42
Alex Antetokounmpo,24.0,6,20.638333333333332,19,6,1,0,1,1
Alex Caruso,32.0,56,1020.3466666666667,348,155,110,72,17,48
Alex Morales,28.0,4,23.583333333333332,8,3,4,0,0,4
Alex Sarr,21.0,48,1304.6616666666666,783,355,130,39,95,82
Alijah Martin,24.0,23,145.615,51,21,12,8,4,8
Alondes Williams,27.0,4,100.78333333333333,44,25,12,3,3,5
Alperen Sengun,23.0,72,2397.695,1466,640,445,85,77,227
Amari Williams,24.0,22,145.72333333333333,30,40,10,3,10,11
Amen Thompson,23.0,79,2953.15,1443,614,420,119,48,190
Amir Coffey,29.0,46,490.50166666666667,149,57,27,9,5,9
Andersson Garcia,25.0,5,168.75,26,42,14,8,4,7
Andre Drummond,32.0,63,1230.7483333333332,403,532,80,38,49,61
Andre Jackson Jr.,24.0,48,408.10833333333335,113,72,43,19,4,31
Andrew Nembhard,26.0,57,1785.5933333333332,966,160,437,51,8,137
Andrew Wiggins,31.0,68,2062.5983333333334,1045,329,182,76,69,103
Anfernee Simons,27.0,55,1371.9333333333334,785,135,134,27,8,68
Anthony Black,22.0,64,1910.05,959,244,236,91,45,132
Anthony Davis,33.0,20,625.63,407,221,56,22,33,41
Anthony Edwards,24.0,61,2136.5933333333332,1757,302,226,83,49,174
Anthony Gill,33.0,55,950.9466666666667,321,158,69,31,21,36
Antonio Reeves,25.0,10,67.67666666666666,27,8,3,1,0,1
Ariel Hukporti,24.0,54,497.96166666666664,117,159,29,9,26,32
Asa Newell,20.0,44,499.90833333333336,227,96,26,16,15,23
Ausar Thompson,23.0,73,1895.61,721,418,228,146,69,110
Austin Reaves,28.0,51,1761.65,1187,240,280,56,20,151
Ayo Dosunmu,26.0,69,1881.0433333333333,1022,237,249,58,18,96
Bam Adebayo,28.0,73,2364.685,1468,732,232,86,49,120
Baylor Scheierman,25.0,77,1429.3033333333333,427,269,116,42,6,46
Ben Saraf,20.0,44,916.3183333333334,332,92,145,38,8,99
Ben Sheppard,24.0,65,1390.4766666666667,459,195,114,39,6,41
Bennedict Mathurin,24.0,54,1620.015,949,293,129,43,13,118
Bez Mbeng,23.0,15,492.185,122,57,62,34,5,22
Bilal Coulibaly,21.0,56,1467.605,657,243,145,75,54,81
Bismack Biyombo,33.0,25,141.35333333333332,23,26,5,4,2,8
Blake Hinson,26.0,14,285.43333333333334,167,33,16,5,2,5
Blake Wesley,23.0,31,360.8183333333333,148,39,62,16,5,31
Bobby Portis,31.0,67,1619.3133333333333,915,428,105,41,12,66
Bobi Klintman,23.0,12,71.38333333333334,22,19,6,3,0,6
Bogdan Bogdanović,33.0,23,452.06,171,59,51,10,3,27
Bones Hyland,25.0,71,1176.9183333333333,604,127,188,44,17,70
Bradley Beal,32.0,6,120.91666666666667,49,5,10,3,0,9
Branden Carlson,27.0,42,488.2033333333333,242,124,29,8,27,16
Brandin Podziemski,23.0,82,2332.673333333333,1133,419,304,88,15,131
Brandon Clarke,29.0,2,20.438333333333333,8,6,1,2,0,0
Brandon Ingram,28.0,77,2603.8633333333332,1655,430,284,58,55,187
Brandon Miller,23.0,65,1968.3116666666667,1311,319,217,66,44,163
Brandon Williams,26.0,66,1462.645,859,191,256,62,20,125
Brice Sensabaugh,22.0,75,1761.8666666666666,1116,231,143,54,12,124
Bronny James,21.0,42,375.4916666666667,122,23,51,19,4,25
Brook Lopez,38.0,75,1635.2733333333333,634,273,97,45,87,61
Brooks Barnhizer,24.0,40,347.88166666666666,68,78,22,11,5,10
Bruce Brown,29.0,82,1997.7883333333334,649,318,174,85,20,91
Bryce McGowens,23.0,42,879.9333333333333,340,88,62,27,8,17
Bub Carrington,20.0,82,2270.65,878,276,381,52,17,191
Buddy Boeheim,26.0,4,15.003333333333334,6,0,0,0,0,0
Buddy Hield,33.0,51,819.2716666666666,390,116,71,39,9,48
CJ Huntley,24.0,4,40.4,12,5,2,1,0,0
CJ McCollum,34.0,76,2263.3716666666664,1424,252,293,64,35,135
Cade Cunningham,24.0,64,2171.6716666666666,1531,355,634,92,54,236
Caleb Houstan,23.0,18,75.46666666666667,42,11,4,2,1,4
Caleb Love,24.0,49,1012.6083333333333,509,114,123,27,4,62
Caleb Martin,30.0,58,856.2116666666667,227,143,81,40,15,40
Cam Christie,20.0,55,479.75,156,78,31,16,3,22
Cam Spencer,26.0,72,1714.4516666666666,798,183,400,52,11,93
Cam Thomas,24.0,42,880.5266666666666,567,71,108,9,4,74
Cam Whitmore,21.0,21,353.98333333333335,193,58,15,15,8,18
Cameron Johnson,30.0,54,1647.0316666666668,660,206,132,40,21,47
Cameron Payne,31.0,22,374.33666666666664,163,44,58,24,7,11
Caris LeVert,31.0,60,1154.415,443,117,159,51,41,82
Carter Bryant,20.0,71,817.865,298,178,47,16,23,33
Cason Wallace,22.0,77,2046.07,660,238,200,150,28,73
Cedric Coward,22.0,62,1597.9466666666667,843,364,171,40,27,105
Chaney Johnson,24.0,17,347.5833333333333,139,79,36,15,9,20
Charles Bassey,25.0,13,152.70333333333335,76,57,7,4,11,6
Chaz Lanier,24.0,34,262.005,80,23,17,7,0,3
Chet Holmgren,24.0,69,1997.2683333333334,1181,614,115,43,131,107
Chris Boucher,33.0,9,94.15,21,18,3,5,7,1
Chris Livingston,22.0,3,17.426666666666666,9,3,1,1,0,0
Chris Mañon,24.0,9,46.085,7,10,3,5,2,1
Chris Paul,41.0,16,227.535,47,28,53,11,0,16
Chris Youngblood,24.0,34,185.09166666666667,71,28,12,4,3,2
Christian Braun,25.0,44,1399.1383333333333,526,211,120,30,12,43
Christian Koloko,26.0,27,356.66833333333335,73,81,18,14,23,16
Chucky Hepburn,23.0,2,13.233333333333333,0,1,2,1,0,1
Clint Capela,32.0,75,925.6616666666666,282,345,50,36,63,41
Coby White,26.0,50,1249.7883333333334,868,170,200,25,5,128
Cody Martin,30.0,4,55.18,7,14,2,4,2,4
Cody Williams,21.0,67,1630.5416666666667,588,198,137,51,26,73
Colby Jones,24.0,1,6.816666666666666,2,4,2,0,0,0
Cole Anthony,26.0,35,526.635,234,87,121,20,11,65
Colin Castleton,26.0,4,21.383333333333333,5,8,1,1,0,2
Collin Gillespie,26.0,80,2281.8016666666667,1012,327,371,99,16,125
Collin Murray-Boyles,21.0,57,1245.6,484,285,106,52,53,59
Collin Sexton,27.0,68,1613.2033333333334,1050,155,223,76,10,141
Cooper Flagg,19.0,70,2343.858333333333,1473,466,316,84,64,161
Corey Kispert,27.0,58,1079.6066666666666,532,132,92,16,9,45
Cormac Ryan,27.0,11,270.67833333333334,157,28,19,11,3,17
Craig Porter Jr.,26.0,64,1147.6616666666666,289,220,205,57,38,59
Curtis Jones,24.0,10,87.71666666666667,29,11,10,4,0,2
D'Angelo Russell,30.0,26,494.775,264,61,104,12,2,49
DaQuan Jeffries,28.0,3,59.903333333333336,31,5,1,2,0,0
DaRon Holmes II,23.0,25,209.51,93,35,16,1,6,12
Daeqwon Plowden,27.0,32,844.3683333333333,344,97,41,23,7,26
Dalano Banton,26.0,6,61.65,12,5,11,2,5,8
Dalen Terry,23.0,48,551.0266666666666,176,86,66,29,15,26
Dalton Knecht,25.0,54,552.9283333333333,228,75,21,11,11,23
Daniel Gafford,27.0,55,1194.4383333333333,524,378,58,42,69,63
Daniss Jenkins,24.0,72,1455.3,671,166,278,64,15,115
Danny Wolf,22.0,57,1187.1616666666666,508,281,127,30,32,73
Dario Saric,32.0,5,41.248333333333335,5,6,2,0,0,2
Dariq Whitehead,21.0,6,182.81666666666666,98,24,9,4,0,10
Darius Brown,26.0,1,2.6666666666666665,0,1,0,0,0,0
Darius Garland,26.0,45,1344.2766666666666,845,107,301,43,8,130
David Jones Garcia,24.0,11,67.975,32,13,18,6,1,5
David Roddy,25.0,5,73.01666666666667,40,20,4,4,1,2
Davion Mitchell,27.0,70,2000.255,654,187,453,68,11,108
Day'Ron Sharpe,24.0,62,1159.915,540,413,145,67,26,106
De'Aaron Fox,28.0,72,2231.065,1336,270,445,89,19,164
De'Andre Hunter,28.0,45,1175.4866666666667,615,185,90,30,6,75
De'Anthony Melton,28.0,49,1125.2566666666667,602,158,125,77,20,91
DeAndre Jordan,37.0,12,198.8,53,76,11,4,10,9
DeJon Jarreau,28.0,11,230.73333333333332,88,51,36,10,8,26
DeMar DeRozan,36.0,77,2405.515,1419,226,316,80,23,96
Dean Wade,29.0,59,1317.6833333333334,342,247,88,44,23,16
Deandre Ayton,27.0,72,1958.385,897,575,59,41,70,83
Dejounte Murray,29.0,14,389.4166666666667,234,75,89,23,3,47
Deni Avdija,25.0,66,2199.385,1598,454,442,51,41,253
Dennis Schröder,32.0,70,1696.2983333333334,756,190,341,55,11,124
Dereck Lively II,22.0,7,115.27333333333333,30,37,13,4,11,10
Derik Queen,21.0,81,2023.38,948,572,298,84,74,190
Derrick Jones Jr.,29.0,50,1349.5083333333334,504,173,69,45,50,40
Derrick White,31.0,77,2624.9566666666665,1267,339,414,88,98,134
Desmond Bane,27.0,82,2756.045,1647,338,338,86,37,164
Devin Booker,29.0,64,2146.43,1668,248,386,51,18,201
Devin Carter,24.0,38,699.8683333333333,339,125,101,34,9,54
Devin Vassell,25.0,67,2044.2316666666666,932,269,167,57,25,60
Dillon Brooks,30.0,56,1701.5833333333333,1131,203,99,57,9,98
Dillon Jones,24.0,7,39.388333333333335,9,7,4,3,0,0
Domantas Sabonis,30.0,19,563.5883333333334,301,216,78,18,4,51
Dominick Barlow,23.0,71,1688.5183333333334,545,340,87,63,53,56
Donovan Clingan,22.0,77,2093.6366666666668,934,892,162,44,130,95
Donovan Mitchell,29.0,70,2342.0633333333335,1952,316,398,104,20,198
Donte DiVincenzo,29.0,82,2494.036666666667,1000,336,313,104,34,118
Dorian Finney-Smith,33.0,37,620.3116666666666,123,93,36,16,6,22
Doug McDermott,34.0,29,439.1983333333333,164,37,22,6,4,13
Drake Powell,20.0,63,1319.5133333333333,408,111,91,36,14,60
Draymond Green,36.0,68,1868.8883333333333,570,375,376,61,42,181
Drew Eubanks,29.0,42,552.27,219,127,19,15,26,30
Drew Peterson,26.0,6,64.26833333333333,5,9,2,3,1,0
Drew Timme,25.0,27,235.08166666666668,92,33,23,6,0,13
Dru Smith,28.0,70,1141.3083333333334,395,173,180,100,21,55
Duncan Robinson,32.0,77,2113.1583333333333,939,205,159,44,22,54
Duop Reath,29.0,32,258.17,94,38,10,5,8,7
Dwight Powell,34.0,63,904.4116666666666,210,257,68,34,21,41
Dylan Cardwell,24.0,44,906.5383333333333,238,332,62,30,67,39
Dylan Harper,20.0,69,1557.9566666666667,813,234,266,54,24,99
Dyson Daniels,23.0,76,2519.54,901,520,449,149,31,135
E.J. Liddell,25.0,26,349.19,147,69,24,6,10,15
Egor Dëmin,20.0,52,1308.2083333333333,536,165,173,42,17,86
Elijah Harkless,26.0,26,544.8133333333334,178,53,75,31,6,26
Emanuel Miller,26.0,5,33.05,15,3,4,2,0,0
Enrique Freeman,25.0,4,37.208333333333336,13,10,2,2,3,2
Eric Gordon,37.0,6,73.75,33,2,3,4,1,3
Ethan Thompson,27.0,32,653.2316666666667,223,69,57,20,9,25
Evan Mobley,25.0,65,2074.2883333333334,1180,586,234,48,113,122
Franz Wagner,24.0,34,1019.0033333333333,699,177,113,32,11,58
GG Jackson,21.0,55,1177.765,686,235,81,31,44,85
Gabe Vincent,30.0,53,879.0783333333334,231,54,76,27,3,27
Garrett Temple,40.0,22,72.93666666666667,17,9,9,4,2,7
Garrison Mathews,29.0,15,196.1,78,17,10,6,3,3
Gary Harris,31.0,48,660.7683333333333,128,61,51,27,9,19
Gary Payton II,33.0,73,1142.28,547,265,123,67,21,62
Gary Trent Jr.,27.0,65,1377.3816666666667,529,67,79,34,3,41
Giannis Antetokounmpo,31.0,36,1039.23,993,352,196,34,24,115
Goga Bitadze,26.0,64,972.0066666666667,375,320,84,37,61,43
Gradey Dick,22.0,76,1066.6883333333333,455,147,51,45,7,42
Grant Nelson,24.0,4,35.01,17,6,5,1,5,4
Grant Williams,27.0,36,711.4533333333334,252,142,56,17,18,31
Grayson Allen,30.0,51,1467.2783333333334,841,155,195,69,13,83
Guerschon Yabusele,30.0,67,1007.0566666666666,373,234,63,26,16,41
Gui Santos,23.0,68,1395.3633333333332,625,266,159,61,22,102
Harrison Barnes,34.0,77,1986.475,765,213,148,50,12,61
Harrison Ingram,23.0,7,26.116666666666667,11,3,1,0,0,1
Hayden Gray,23.0,1,24.75,6,0,1,1,1,1
Haywood Highsmith,29.0,7,90.79,38,13,7,4,0,0
Herbert Jones,27.0,56,1588.3816666666667,496,190,155,88,27,73
Hugo González,20.0,74,1083.93,289,246,40,42,21,38
Hunter Dickinson,25.0,5,42.47833333333333,12,5,2,1,2,3
Hunter Sallis,23.0,7,25.673333333333332,7,1,4,0,1,5
Hunter Tyson,26.0,21,161.9,46,36,17,2,1,5
Immanuel Quickley,27.0,70,2231.3083333333334,1150,282,415,92,5,102
Isaac Jones,25.0,7,35.68333333333333,9,5,1,0,1,1
Isaac Okoro,25.0,63,1694.89,584,173,100,46,29,46
Isaiah Collier,21.0,59,1516.92,688,150,423,66,20,148
Isaiah Crawford,24.0,14,92.1,28,16,5,2,3,4
Isaiah Hartenstein,28.0,47,1137.425,432,443,166,48,36,82
Isaiah Jackson,24.0,55,908.3116666666666,370,290,52,36,49,58
Isaiah Joe,26.0,71,1507.445,785,181,94,50,11,45
Isaiah Livers,27.0,36,347.36,65,61,21,13,8,12
Isaiah Stevens,25.0,3,42.78333333333333,10,3,10,5,0,2
Isaiah Stewart,25.0,58,1317.135,581,290,66,16,93,67
Ivica Zubac,29.0,48,1446.6983333333333,677,509,105,18,40,86
JD Davison,23.0,28,218.41666666666666,69,34,35,6,6,7
Ja Morant,26.0,20,568.5,389,65,161,20,6,71
Ja'Kobe Walter,21.0,72,1473.575,541,185,86,73,14,37
Jabari Smith Jr.,23.0,77,2705.365,1215,529,143,56,71,105
Jabari Walker,23.0,64,761.6683333333333,276,192,34,23,13,27
Jacob Toppin,26.0,5,16.866666666666667,8,1,1,0,1,0
Jaden Hardy,23.0,57,898.0966666666667,523,86,58,16,6,62
Jaden Ivey,24.0,37,670.255,316,91,68,23,14,41
Jaden McDaniels,25.0,73,2316.4133333333334,1084,310,199,81,73,131
Jae'Sean Tate,30.0,46,404.72333333333336,129,73,25,10,3,16
Jahmai Mashack,23.0,31,673.1516666666666,192,81,69,37,14,49
Jahmir Young,25.0,14,58.195,25,4,9,1,0,3
Jahmyl Telfort,25.0,8,32.03333333333333,1,3,1,1,0,1
Jaime Jaquez Jr.,25.0,75,2121.21,1152,375,352,51,21,152
Jake LaRavia,24.0,82,2061.47,674,326,145,104,38,87
Jakob Poeltl,30.0,46,1149.06,493,323,93,40,32,57
Jalen Brunson,29.0,74,2589.806666666667,1927,247,503,57,8,175
Jalen Duren,22.0,70,1975.8533333333332,1365,737,138,57,59,130
Jalen Green,24.0,32,828.325,568,116,91,34,8,72
Jalen Johnson,24.0,72,2531.5983333333334,1621,740,566,89,31,244
Jalen Pickett,26.0,50,806.48,260,114,115,13,5,34
Jalen Slawson,26.0,13,310.55,95,57,36,20,14,17
Jalen Smith,26.0,53,1095.3883333333333,541,355,65,24,42,53
Jalen Suggs,25.0,57,1573.57,786,220,312,105,40,152
Jalen Williams,25.0,33,935.9633333333334,563,153,181,39,9,63
Jalen Wilson,25.0,54,859.2216666666667,343,114,50,22,2,38
Jamal Cain,27.0,40,485.9683333333333,215,78,29,11,4,19
Jamal Murray,29.0,75,2651.891666666667,1905,330,535,66,29,171
Jamal Shead,23.0,82,1852.2383333333332,545,143,444,76,15,112
Jamaree Bouyea,26.0,46,644.0583333333333,263,82,82,29,16,30
James Harden,36.0,70,2438.495,1652,336,557,79,28,245
James Wiseman,25.0,4,58.461666666666666,13,8,3,0,1,5
Jamir Watkins,24.0,50,1032.1766666666667,368,194,67,54,25,40
Jamison Battle,25.0,61,516.7783333333333,192,89,24,7,3,19
Jarace Walker,22.0,76,1953.3833333333334,884,391,192,63,26,139
Jared McCain,22.0,67,1159.6666666666667,558,137,90,35,5,56
Jaren Jackson Jr.,26.0,48,1454.6483333333333,931,272,94,53,69,107
Jarred Vanderbilt,27.0,65,1127.7416666666666,288,292,84,55,19,56
Jarrett Allen,28.0,56,1519.12,860,476,100,55,47,75
Jase Richardson,20.0,54,586.7483333333333,239,63,58,19,2,25
Javon Small,23.0,41,829.9083333333333,396,128,151,34,9,56
Javonte Cooke,26.0,19,93.665,23,19,7,6,0,9
Javonte Green,32.0,82,1445.9616666666666,569,230,56,102,25,45
Jaxson Hayes,26.0,66,1206.5783333333334,497,271,59,29,52,31
Jay Huff,28.0,82,1719.2433333333333,783,324,121,41,153,76
Jaylen Brown,29.0,71,2442.838333333333,2038,492,364,72,27,259
Jaylen Clark,24.0,68,887.7033333333334,275,120,43,47,9,23
Jaylen Wells,22.0,69,1820.6416666666667,865,220,111,61,9,74
Jaylin Williams,23.0,65,1277.375,469,358,158,31,42,67
Jaylon Tyson,23.0,66,1777.4833333333333,872,338,147,54,28,99
Jayson Kent,24.0,5,22.466666666666665,10,5,0,1,1,0
Jayson Tatum,28.0,16,521.85,348,160,85,22,3,39
Jeff Green,39.0,30,174.81666666666666,67,25,8,2,2,4
Jerami Grant,32.0,57,1695.1016666666667,1060,198,122,42,36,119
Jeremiah Fears,19.0,82,2111.903333333333,1169,300,279,97,30,178
Jeremiah Robinson-Earl,25.0,22,360.615,101,103,15,9,1,12
Jeremy Sochan,23.0,44,468.5516666666667,158,107,40,17,7,21
Jericho Sims,27.0,67,1317.835,334,370,104,19,17,75
Jett Howard,22.0,55,695.32,301,87,45,10,11,15
Jevon Carter,30.0,53,867.4416666666667,339,89,87,40,10,36
Jimmy Butler III,36.0,38,1181.6766666666667,760,211,185,55,8,60
Joan Beringer,19.0,40,314.13166666666666,156,92,12,7,26,11
Jock Landale,30.0,68,1506.0766666666666,718,387,115,35,36,60
Joe Ingles,38.0,27,152.68833333333333,41,19,34,9,2,14
Joel Embiid,32.0,38,1200.6383333333333,1021,293,150,21,46,109
John Collins,28.0,69,1871.4783333333332,935,367,70,60,51,95
John Konchar,30.0,56,1114.6766666666667,248,240,118,83,38,35
John Poulakidas,23.0,13,253.435,115,30,11,7,4,4
John Tonje,25.0,6,41.89833333333333,15,6,2,2,0,0
Johni Broome,23.0,11,54.76166666666666,10,16,4,3,2,3
Johnny Furphy,21.0,35,643.0533333333333,180,153,41,20,7,29
Johnny Juzang,25.0,21,87.69833333333334,43,17,6,2,1,5
Jonas Valančiūnas,34.0,65,871.065,567,329,78,14,37,73
Jonathan Isaac,28.0,52,520.8933333333333,134,132,22,20,31,18
Jonathan Kuminga,23.0,36,830.4966666666667,438,202,83,22,11,67
Jonathan Mogbo,24.0,40,248.89666666666668,61,68,25,11,8,14
Jordan Clarkson,34.0,72,1279.4616666666666,622,127,96,30,9,63
Jordan Goodwin,27.0,70,1571.7766666666666,609,341,151,106,14,68
Jordan Hawkins,24.0,51,691.975,258,88,42,13,10,34
Jordan McLaughlin,30.0,44,281.6166666666667,89,32,38,20,2,15
Jordan Miller,26.0,60,1324.78,598,182,136,45,11,63
Jordan Poole,27.0,39,933.2366666666667,524,77,119,22,15,69
Jordan Walsh,22.0,68,1211.97,364,272,54,49,31,35
Jose Alvarado,28.0,69,1370.2366666666667,510,171,234,66,8,77
Josh Giddey,23.0,54,1731.3566666666666,919,448,494,55,27,196
Josh Green,25.0,58,907.9283333333333,249,102,47,35,6,35
Josh Hart,31.0,66,1993.575,792,486,317,75,17,128
Josh Minott,23.0,49,833.7316666666667,364,158,46,44,24,43
Josh Oduro,25.0,3,81.76666666666667,25,23,4,0,0,2
Josh Okogie,27.0,78,1353.8116666666667,353,200,69,63,16,41
Jrue Holiday,36.0,53,1560.4016666666666,865,245,322,54,6,146
Julian Champagnie,24.0,82,2265.963333333333,911,473,127,62,38,69
Julian Phillips,22.0,48,427.01666666666665,140,49,10,22,7,11
Julian Reese,22.0,13,401.5,154,137,24,18,8,32
Julian Strawther,24.0,57,860.6733333333333,413,114,61,25,6,36
Julius Randle,31.0,79,2610.2966666666666,1667,532,398,86,18,217
Justin Champagnie,24.0,69,1377.4533333333334,597,384,84,59,43,45
Justin Edwards,22.0,64,977.0183333333333,386,94,80,54,11,36
Jusuf Nurkić,31.0,41,1083.0683333333334,447,425,196,52,22,101
KJ Simpson,23.0,20,257.61,91,37,43,16,0,25
Kadary Richmond,24.0,3,66.8,25,10,8,8,1,2
Kam Jones,24.0,37,616.325,162,60,119,18,0,36
Karl-Anthony Towns,30.0,75,2321.7816666666668,1504,889,226,65,40,187
Karlo Matković,25.0,62,911.7566666666667,352,229,50,25,54,34
Kasparas Jakučionis,20.0,53,944.6283333333333,328,138,137,33,7,50
Kawhi Leonard,34.0,65,2084.7283333333335,1813,413,234,122,27,133
Keaton Wallace,27.0,53,535.99,186,56,94,24,5,28
Keegan Murray,25.0,23,793.0966666666667,321,132,38,24,36,27
Kel'el Ware,22.0,77,1703.8216666666667,851,694,56,59,84,62
Keldon Johnson,26.0,82,1911.4666666666667,1081,440,111,46,11,70
Kelly Olynyk,35.0,42,360.2133333333333,133,76,49,15,3,24
Kelly Oubre Jr.,30.0,50,1574.3116666666667,705,252,80,68,24,69
Kennedy Chandler,23.0,11,355.2266666666667,165,37,74,11,2,23
Kenrich Williams,31.0,56,855.1633333333333,363,187,79,31,5,43
Kentavious Caldwell-Pope,33.0,51,1087.5583333333334,428,125,139,43,8,61
Keon Ellis,26.0,72,1478.6383333333333,480,135,72,83,46,41
Keshad Johnson,24.0,32,279.52166666666665,136,62,8,15,8,13
Keshon Gilbert,22.0,4,73.78333333333333,17,5,12,3,4,8
Kevin Durant,37.0,78,2839.8233333333333,2026,426,372,62,71,246
Kevin Huerter,27.0,69,1549.0766666666666,693,240,178,63,33,72
Kevin Love,37.0,37,612.8,248,215,67,14,9,30
Kevin McCullar Jr.,25.0,21,154.99333333333334,50,28,20,9,0,12
Kevin Porter Jr.,26.0,38,1261.015,661,198,280,83,19,110
Kevon Looney,30.0,21,307.4866666666667,59,118,34,9,10,9
Keyonte George,22.0,54,1786.1083333333333,1275,199,332,58,14,166
Khaman Maluach,19.0,46,411.025,139,133,6,5,33,25
Khris Middleton,34.0,63,1439.0866666666666,640,231,176,41,9,108
Killian Hayes,24.0,23,405.52666666666664,127,54,81,21,4,28
Klay Thompson,36.0,69,1496.83,810,143,96,33,22,63
Kobe Brown,26.0,61,962.3766666666667,353,185,80,23,12,53
Kobe Bufkin,22.0,16,119.48333333333333,46,13,10,2,3,5
Kobe Sanders,24.0,68,1351.4166666666667,495,153,109,49,10,81
Koby Brea,23.0,12,83.86666666666666,45,8,10,1,0,4
Kon Knueppel,20.0,81,2550.7466666666664,1498,432,274,57,19,161
Kris Dunn,32.0,82,2230.0,596,271,295,131,14,111
Kris Murray,25.0,57,1333.21,331,206,81,51,22,47
Kristaps Porziņģis,30.0,32,768.8916666666667,533,167,81,18,38,41
Kyle Anderson,32.0,43,853.2366666666667,266,150,126,45,26,39
Kyle Filipowski,22.0,77,1800.9433333333334,879,552,198,73,39,125
Kyle Kuzma,30.0,69,1805.7416666666666,896,313,184,46,28,119
Kyle Lowry,40.0,14,118.04,17,9,11,2,2,4
Kyshawn George,22.0,48,1390.9633333333334,710,245,214,48,43,125
LJ Cryer,24.0,18,292.14666666666665,148,28,18,3,0,14
LaMelo Ball,24.0,72,2017.4466666666667,1445,347,514,87,18,202
Lachlan Olbrich,22.0,37,344.2216666666667,89,112,42,12,8,16
Landry Shamet,29.0,51,1171.055,475,92,72,31,9,30
Larry Nance Jr.,33.0,35,448.77,131,93,34,21,6,20
Lauri Markkanen,29.0,42,1442.5966666666666,1123,289,89,42,21,63
Lawson Lovering,23.0,2,49.265,14,15,3,3,1,2
LeBron James,41.0,60,1989.055,1256,364,432,72,35,179
Leaky Black,27.0,15,433.07666666666665,106,75,22,18,8,14
Leonard Miller,22.0,46,718.6616666666666,361,181,40,17,15,36
Liam McNeeley,20.0,31,367.52166666666665,132,73,24,5,3,13
Lindy Waters III,28.0,40,284.6766666666667,95,29,19,6,1,7
Lonzo Ball,28.0,35,727.7433333333333,160,140,136,45,9,52
Lucas Williamson,27.0,7,223.74,73,38,18,11,1,10
Luguentz Dort,27.0,69,1848.7416666666666,576,245,85,62,27,54
Luka Dončić,27.0,64,2288.6016666666665,2143,495,530,105,34,255
Luka Garza,27.0,69,1117.9083333333333,557,281,66,27,28,46
Luke Kennard,29.0,78,1680.4766666666667,652,182,174,55,8,60
Luke Kornet,30.0,68,1430.08,444,414,126,32,65,28
Luke Travers,24.0,12,103.09166666666667,28,24,9,7,4,3
Mac McClung,27.0,11,135.175,67,10,10,11,3,9
Malachi Smith,26.0,15,358.82,124,51,49,12,4,14
Malaki Branham,23.0,28,275.47833333333335,128,44,23,10,3,15
Malevy Leons,26.0,25,276.4716666666667,83,53,23,14,9,13
Malik Monk,28.0,62,1363.6433333333334,772,117,185,37,24,91
MarJon Beauchamp,25.0,14,196.11166666666668,95,32,15,9,4,13
Marcus Sasser,25.0,38,456.50333333333333,197,39,75,20,4,31
Marcus Smart,32.0,62,1768.9783333333332,579,172,185,87,23,92
Mark Sears,24.0,7,26.081666666666667,22,2,2,0,0,4
Mark Williams,24.0,60,1416.05,700,477,58,55,55,65
Markelle Fultz,28.0,5,35.766666666666666,4,1,8,2,0,4
Marvin Bagley III,27.0,60,1200.9033333333334,627,366,85,28,43,61
Mason Plumlee,36.0,20,171.48833333333334,31,53,20,10,0,12
Matas Buzelis,21.0,77,2248.2483333333334,1252,448,158,55,116,159
Matisse Thybulle,29.0,30,479.65,174,59,27,60,16,28
Max Christie,23.0,77,2244.48,945,249,151,47,27,96
Max Shulga,23.0,11,36.275,7,6,2,1,0,3
Max Strus,30.0,12,288.295,134,65,24,3,0,9
Maxi Kleber,34.0,43,461.01,86,84,27,18,11,17
Maxime Raynaud,23.0,74,1963.88,922,556,100,38,39,94
Micah Peavy,24.0,61,912.935,262,117,61,43,9,20
Micah Potter,28.0,47,908.3166666666667,458,233,69,22,15,47
Michael Porter Jr.,27.0,52,1688.6033333333332,1259,367,158,55,13,122
Mikal Bridges,29.0,82,2691.935,1181,312,304,107,62,83
Mike Conley,38.0,54,991.2983333333333,245,93,157,35,14,34
Miles Bridges,28.0,77,2387.2316666666666,1314,450,246,46,34,107
Miles Kelly,23.0,14,133.72333333333333,43,24,12,4,1,6
Miles McBride,25.0,41,1080.035,491,100,106,35,9,33
Mitchell Robinson,28.0,60,1174.5016666666668,340,525,52,56,70,41
Mo Bamba,28.0,4,43.8,10,22,1,0,3,2
Mohamed Diawara,21.0,69,634.1516666666666,246,94,53,17,6,30
Monte Morris,30.0,6,64.61666666666666,18,7,9,1,1,2
Moritz Wagner,29.0,36,426.595,247,115,27,15,2,19
Moses Moody,24.0,60,1539.8983333333333,728,200,98,58,34,57
Mouhamadou Gueye,27.0,2,45.44166666666667,16,6,6,2,1,3
Mouhamed Gueye,23.0,77,1178.8366666666666,342,275,69,61,39,33
Moussa Cisse,23.0,38,529.58,170,216,9,19,45,30
Moussa Diabaté,24.0,73,1898.9566666666667,575,635,141,56,72,73
Myles Turner,30.0,71,1911.8033333333333,846,378,103,50,115,83
Myron Gardner,25.0,45,410.505,163,122,44,20,8,17
N'Faly Dante,24.0,4,15.416666666666666,3,7,0,2,0,1
Nae'Qwan Tomlin,25.0,64,1003.6383333333333,374,186,53,41,34,29
Naji Marshall,28.0,74,2183.74,1128,348,241,82,6,119
Nate Williams,27.0,14,239.17,112,30,14,5,0,15
Naz Reid,26.0,77,2007.35,1046,477,170,76,78,126
Neemias Queta,26.0,76,1926.2066666666667,776,636,126,60,100,75
Nic Claxton,27.0,69,1920.3666666666666,810,478,253,45,77,96
Nick Richards,28.0,48,700.71,276,243,16,10,32,59
Nick Smith Jr.,22.0,30,374.87666666666667,185,23,31,9,2,21
Nickeil Alexander-Walker,27.0,78,2603.1766666666667,1624,268,286,102,42,162
Nicolas Batum,37.0,74,1294.595,293,184,64,47,23,37
Nigel Hayes-Davis,31.0,27,195.21333333333334,34,33,7,8,2,8
Nikola Jokić,31.0,65,2264.855,1799,836,697,92,53,243
Nikola Jović,23.0,47,808.0183333333333,344,153,102,26,17,65
Nikola Topić,20.0,10,160.08333333333334,52,19,44,5,0,25
Nikola Vučević,35.0,64,1818.1183333333333,965,537,213,39,41,85
Nique Clifford,24.0,75,1881.925,645,282,179,68,24,116
Noa Essengue,19.0,2,6.033333333333333,0,0,0,1,0,0
Noah Clowney,21.0,66,1780.0633333333333,809,273,108,50,45,102
Noah Penda,21.0,59,757.275,227,187,70,30,18,42
Nolan Traore,20.0,56,1243.3916666666667,499,99,213,45,23,129
Norchad Omier,24.0,6,23.666666666666668,17,7,2,1,0,0
Norman Powell,33.0,58,1716.9366666666667,1261,202,143,64,14,111
OG Anunoby,28.0,67,2223.8716666666664,1118,351,145,104,48,123
Obi Toppin,28.0,24,423.725,279,106,55,12,1,28
Ochai Agbaji,26.0,62,973.2033333333334,314,141,47,24,17,31
Olivier Sarr,27.0,4,39.35,14,11,5,2,3,2
Olivier-Maxence Prosper,23.0,53,983.5916666666667,530,187,51,40,13,47
Omer Yurtseven,28.0,9,103.955,34,30,8,2,1,9
Onyeka Okongwu,25.0,74,2296.9683333333332,1123,562,231,82,79,127
Orlando Robinson,25.0,4,24.816666666666666,7,4,3,1,0,0
Oscar Tshiebwe,26.0,27,448.42,211,179,32,16,5,21
Oso Ighodaro,23.0,82,1808.37,531,418,185,73,57,101
Ousmane Dieng,23.0,57,1099.4716666666666,431,180,136,25,17,75
P.J. Washington,27.0,56,1735.62,793,394,98,55,60,94
PJ Hall,24.0,19,213.37833333333333,86,75,10,3,10,16
Pacôme Dadiet,20.0,29,135.76,48,27,12,3,1,3
Paolo Banchero,23.0,72,2501.685,1599,604,373,51,40,222
Pascal Siakam,32.0,62,2056.6516666666666,1485,411,236,69,25,138
Pat Connaughton,33.0,42,296.5183333333333,110,61,18,11,1,11
Pat Spencer,29.0,66,1228.9266666666667,476,158,232,48,5,85
Patrick Baldwin Jr.,23.0,9,102.47166666666666,33,23,5,3,5,5
Patrick Williams,24.0,72,1473.78,505,215,105,49,26,75
Paul George,36.0,37,1135.0316666666668,641,196,133,62,16,64
Paul Reed,27.0,65,900.6283333333333,504,294,80,57,60,58
Payton Pritchard,28.0,79,2555.5233333333335,1345,312,408,58,10,109
Payton Sandfort,23.0,4,63.333333333333336,35,10,0,1,0,1
Pelle Larsson,25.0,70,1849.1433333333334,800,244,236,49,16,101
Pete Nance,26.0,47,737.0983333333334,254,125,48,14,14,26
Peyton Watson,23.0,54,1597.7583333333334,789,264,111,50,61,93
Precious Achiuwa,26.0,73,1745.185,736,492,101,65,50,65
Quentin Grimes,26.0,75,2205.721666666667,1006,273,244,64,28,133
Quenton Jackson,27.0,49,897.425,448,114,140,31,6,62
Quinten Post,26.0,67,1159.1983333333333,513,269,94,26,35,56
RJ Barrett,26.0,57,1725.76,1098,300,189,42,19,99
Rasheer Fleming,21.0,55,673.4016666666666,238,124,16,22,21,29
RayJ Dennis,25.0,17,206.23333333333332,74,26,33,4,4,17
Rayan Rupert,22.0,64,1072.545,332,188,68,55,9,55
Reed Sheppard,21.0,82,2146.923333333333,1110,238,277,122,54,123
Riley Minix,25.0,9,58.083333333333336,35,6,5,2,1,3
Rob Dillingham,21.0,65,969.9533333333334,409,131,143,47,6,100
Robert Williams III,28.0,59,1008.2133333333334,397,415,60,35,87,49
Rocco Zikarsky,19.0,5,36.483333333333334,14,14,2,0,5,1
Ron Harper Jr.,26.0,29,317.52666666666664,123,48,22,10,9,8
Ronald Holland II,20.0,78,1550.4483333333333,640,315,95,92,27,96
Royce O'Neale,33.0,78,2213.0533333333333,765,372,208,84,32,103
Rudy Gobert,33.0,76,2380.0466666666666,829,872,128,58,124,106
Rui Hachimura,28.0,68,1926.565,780,226,57,39,21,42
Russell Westbrook,37.0,64,1852.57,971,348,426,83,12,209
Ryan Dunn,23.0,70,1355.245,407,297,102,60,29,56
Ryan Kalkbrenner,24.0,69,1479.1316666666667,521,377,54,32,101,62
Ryan Nembhard,23.0,60,1170.88,397,133,316,25,2,85
Ryan Rollins,23.0,74,2375.483333333333,1281,338,414,110,31,201
Saddiq Bey,27.0,72,2245.575,1271,400,182,68,7,68
Sam Hauser,28.0,78,1934.15,719,300,114,38,23,35
Sam Merrill,30.0,52,1377.0733333333333,663,133,125,33,7,42
Sandro Mamukelashvili,27.0,80,1750.6916666666666,893,395,151,64,41,67
Santi Aldama,25.0,43,1198.0783333333334,602,287,126,37,31,55
Scoot Henderson,22.0,30,747.83,427,80,112,27,9,73
Scottie Barnes,24.0,80,2680.7766666666666,1448,600,474,114,116,210
Scotty Pippen Jr.,25.0,10,211.86666666666667,114,22,47,19,4,27
Sean Pedulla,23.0,7,31.0,13,3,5,0,0,1
Seth Curry,35.0,10,133.0,71,12,10,3,0,2
Shaedon Sharpe,23.0,50,1471.3016666666667,1042,217,132,70,6,147
Shai Gilgeous-Alexander,27.0,68,2258.9466666666667,2117,292,448,95,52,151
Sharife Cooper,25.0,41,699.9983333333333,333,86,124,16,5,61
Sidy Cissoko,22.0,75,1435.055,383,166,110,52,25,70
Simone Fontecchio,30.0,70,1172.47,597,211,101,37,9,49
Sion James,23.0,82,1843.28,441,287,163,52,20,65
Skal Labissiere,30.0,3,37.55,13,9,3,2,1,1
Spencer Jones,25.0,64,1416.79,352,209,51,52,29,31
Stanley Umude,27.0,2,6.566666666666666,2,0,1,1,0,0
Stephen Curry,38.0,43,1328.7283333333332,1142,154,203,49,17,121
Stephon Castle,21.0,68,2037.7433333333333,1133,362,502,78,19,217
Steven Adams,32.0,32,730.365,187,276,48,22,20,35
Svi Mykhailiuk,29.0,50,1155.6116666666667,469,124,93,26,3,42
T.J. McConnell,34.0,56,962.505,525,124,287,56,10,64
Taelon Peter,24.0,38,492.23,171,59,40,26,4,27
Taj Gibson,40.0,10,96.87333333333333,34,27,6,2,1,1
Tari Eason,25.0,60,1549.105,627,376,90,72,28,81
Taurean Prince,32.0,26,611.3033333333333,239,81,46,16,6,31
Taylor Hendricks,22.0,59,1118.465,438,221,55,50,30,50
Terance Mann,29.0,63,1529.0166666666667,455,200,190,41,15,71
Terrence Shannon Jr.,25.0,43,537.675,241,49,38,14,1,24
Thanasis Antetokounmpo,33.0,34,147.95833333333334,47,30,15,13,6,10
Thomas Bryant,28.0,60,731.8166666666667,370,205,33,18,26,28
Tidjane Salaün,20.0,37,575.38,222,149,27,16,7,26
Tim Hardaway Jr.,34.0,80,2127.3,1079,206,108,42,10,43
Tobias Harris,33.0,63,1745.45,836,323,157,58,26,63
Toby Okani,24.0,6,217.09,60,21,6,4,3,3
Tolu Smith,25.0,15,137.44166666666666,56,49,13,2,6,7
Tony Bradley,28.0,41,450.68666666666667,162,116,22,6,7,18
Tosan Evbuomwan,25.0,5,7.713333333333333,0,2,0,0,0,0
Toumani Camara,26.0,82,2731.2366666666667,1100,421,201,94,35,144
Trae Young,27.0,15,383.75333333333333,269,30,120,13,2,39
Trayce Jackson-Davis,26.0,53,496.0366666666667,181,145,39,17,24,23
Tre Johnson,20.0,60,1442.8166666666666,733,170,122,33,18,93
Tre Jones,26.0,65,1752.3733333333332,914,204,350,76,11,92
Tre Mann,25.0,53,668.4583333333334,291,92,86,25,5,54
Trendon Watford,25.0,53,863.7166666666667,346,174,132,16,22,64
Trentyn Flowers,21.0,2,5.55,4,1,1,0,0,1
Trevon Scott,29.0,6,182.235,48,31,10,8,5,4
Trevor Keels,22.0,8,14.946666666666667,8,2,0,1,0,0
Trey Alexander,23.0,9,110.64333333333333,47,11,9,6,2,3
Trey Jemison III,26.0,13,81.58833333333334,13,18,5,1,2,10
Trey Murphy III,26.0,66,2340.6383333333333,1420,377,250,99,24,120
Tristan Enaruna,24.0,9,85.13333333333334,37,14,7,5,0,3
Tristan Vukcevic,23.0,49,670.98,441,147,55,23,33,62
Tristan da Silva,25.0,77,1899.4566666666667,762,284,124,68,25,69
Tristen Newton,25.0,1,12.0,12,3,0,1,0,0
Ty Jerome,28.0,15,338.68833333333333,295,42,85,16,4,27
TyTy Washington Jr.,24.0,16,88.12833333333333,21,6,17,6,3,3
Tyler Burton,26.0,12,306.74333333333334,129,50,12,11,4,11
Tyler Herro,26.0,33,1032.6533333333334,677,158,136,23,12,64
Tyler Kolek,25.0,62,727.1616666666666,274,98,170,22,4,55
Tyler Smith,21.0,12,165.58333333333334,56,33,5,6,0,6
Tyrese Martin,27.0,46,776.61,290,116,78,25,6,40
Tyrese Maxey,25.0,70,2661.1183333333333,1980,290,461,130,55,171
Tyrese Proctor,22.0,50,545.0866666666667,272,64,74,25,0,40
Tyson Etienne,26.0,24,380.01666666666665,189,27,40,11,0,16
Tyus Jones,30.0,67,978.5783333333334,199,76,159,37,3,25
VJ Edgecombe,20.0,75,2623.305,1199,423,315,107,39,137
Victor Wembanyama,22.0,64,1865.6483333333333,1600,736,199,66,197,155
Vince Williams Jr.,25.0,40,819.395,300,155,166,29,16,70
Vladislav Goldin,25.0,9,23.961666666666666,7,9,3,0,3,3
Vít Krejčí,26.0,65,1392.1,550,148,100,47,18,41
Walker Kessler,24.0,5,153.98,72,54,15,7,9,16
Walter Clayton Jr.,23.0,69,1410.535,538,139,279,44,19,116
Wendell Carter Jr.,27.0,78,2288.3516666666665,922,577,154,60,49,100
Wendell Moore Jr.,24.0,6,59.555,10,6,4,2,2,1
Will Richard,23.0,69,1376.805,441,172,93,80,9,53
Will Riley,20.0,74,1632.4716666666666,764,212,146,54,9,94
Xavier Tillman,27.0,30,183.87833333333333,44,43,13,9,5,8
Yang Hansen,20.0,43,299.8933333333333,95,66,22,3,10,32
Yanic Konan Niederhäuser,23.0,41,423.67833333333334,176,117,12,5,30,23
Yuki Kawamura,25.0,18,209.02,62,33,47,9,0,14
Yves Missi,22.0,66,1297.0366666666666,377,385,84,20,101,54
Zaccharie Risacher,21.0,67,1503.2533333333333,641,257,76,59,36,58
Zach Collins,28.0,10,183.73666666666668,97,56,15,2,4,10
Zach Edey,24.0,11,283.8516666666667,150,122,12,7,21,26
Zach LaVine,31.0,39,1224.2633333333333,748,108,89,28,10,74
Zeke Nnaji,25.0,52,625.9883333333333,190,136,29,17,24,27
Ziaire Williams,24.0,56,1281.2666666666667,573,134,60,76,21,59
Zion Williamson,25.0,62,1841.0633333333333,1302,353,199,60,34,126
Zyon Pullin,25.0,5,42.583333333333336,23,3,9,1,0,3
