Player,Team,ContractSurplus,ExpectedLoss,VaR95,CVaR95,ProbNegative,ValueScore,ValuePerMillion
Stephen Curry,GSW,-31872356.931620188,-31973920.78969489,-47329304.90801123,-51190727.588469364,0.9998,39.72790697674418,0.6664993867520921
Joel Embiid,PHI,-23461781.145195074,-23418213.883098297,-38382871.70180276,-42212427.38874809,0.9944,44.46315789473684,0.805134260359914
Nikola Jokić,DEN,-8416213.439116374,-11310391.847413745,-23706601.45392947,-27362383.087784287,0.8156,62.14923076923077,1.1253918371201732
Kevin Durant,HOU,-25344474.83853706,-25483463.642661087,-40718247.134662636,-44438904.70570459,0.9974,41.64358974358974,0.7611889701598836
Jayson Tatum,BOS,-22784298.65441953,-23103776.057928227,-38023375.899438836,-42090640.62363561,0.995,43.96875,0.8123338959048673
Anthony Davis,WAS,-22749207.219917364,-23003883.00102519,-38043876.559527434,-41882317.30453691,0.992,44.010000000000005,0.8130960001995329
Giannis Antetokounmpo,MIL,-18400232.401211865,-18905906.650858857,-33693796.4133206,-37652627.40081815,0.9753,49.12222222222223,0.9075456125835378
Jaylen Brown,BOS,-20714345.02990645,-21183609.98972946,-36027698.51384858,-39877498.514698975,0.9864,45.245070422535214,0.8513952364267962
Devin Booker,PHO,-25301280.77861239,-25392247.084208786,-41054032.17623326,-44670252.15014429,0.9973,39.853125,0.7499327653786071
Karl-Anthony Towns,NYK,-24747580.47724042,-25070484.223133378,-39947336.607922174,-43811569.40290659,0.9966,40.504,0.7621805499291486
LeBron James,LAL,-23487255.01363089,-23724590.462716922,-38683019.397649445,-42336165.330099575,0.993,41.38,0.7862861211587867
Paul George,PHI,-29087169.40890468,-29090641.286994793,-44184582.68038741,-47971802.27708384,0.9991,33.66756756756756,0.651637613134022
Kawhi Leonard,LAC,-17144499.867182992,-17803109.942820173,-32120218.70439439,-36256053.80391542,0.9699,45.747692307692304,0.914953846153846
Zach LaVine,SAC,-30634293.18569363,-30590390.11789047,-46071695.59466006,-50015330.96785032,0.9995,26.95128205128205,0.5673994729916393
Cade Cunningham,DET,-11117454.482965142,-13198975.811338758,-26439415.675785076,-30148162.6460603,0.8881,48.59375,1.0474122787164746
Evan Mobley,CLE,-18490991.033846915,-18930278.672556486,-33791337.9097587,-37567813.49987733,0.9783,39.926153846153845,0.8605868816542156
Jamal Murray,DEN,-15961135.821066424,-16771820.200625315,-30807552.941209897,-34448751.78120691,0.9556,42.9,0.924686544194197
Lauri Markkanen,UTA,-17429608.54915107,-17867382.41644116,-32292800.379058756,-36264233.19166504,0.969,41.17380952380953,0.8874794321650712
Donovan Mitchell,CLE,-14755570.348299555,-15862605.520900382,-30230895.187150776,-33914987.57685869,0.9459,44.317142857142855,0.9552323001662464
Trae Young,WAS,-24609933.81957879,-24762109.58694348,-39649181.62389829,-43535317.25014673,0.9957,32.73333333333333,0.7055494843812753
Luka Dončić,LAL,-2960363.820365936,-8451359.476748507,-17971011.812367715,-21973338.15451156,0.6316,57.71875,1.2547647091304588
Anthony Edwards,MIN,-14231981.565373557,-15313405.882672785,-29404056.9426444,-33299976.946250338,0.939,43.94098360655737,0.9646649769064588
Pascal Siakam,IND,-17636721.770077854,-18298577.368896775,-32827414.3880348,-36683491.71701754,0.9707,39.93870967741936,0.8768004556659946
Domantas Sabonis,SAC,-17405730.941086277,-17942659.09587866,-32492790.722028647,-36078261.8533499,0.9713,36.43157894736843,0.8605342721884077
OG Anunoby,NYK,-19098096.623561352,-19501441.328977,-34303716.528916664,-38056128.23347195,0.9801,31.189552238805973,0.788232683128641
Zion Williamson,NOP,-15595085.207454115,-16625623.140905323,-30751761.641616266,-34608271.03527148,0.9543,35.16290322580646,0.8914166961999646
Ja Morant,MEM,-15074373.598712385,-16087220.11070286,-30093196.135688476,-34099777.707143374,0.9496,35.775,0.9069339952324806
Darius Garland,LAC,-18136426.179715745,-18589768.868601657,-33176749.873058364,-36698143.28352174,0.9718,32.175555555555555,0.8156842808895776
James Harden,CLE,-9190878.2833793,-11790780.00193774,-24259513.79664162,-28171561.471126646,0.8454,42.38142857142857,1.0816364401351528
Scottie Barnes,TOR,-9005050.887326345,-11814448.758546846,-24075682.736907814,-27839242.679778863,0.8352,41.9875,1.0860217139679398
Franz Wagner,ORL,-15902613.244818809,-16710775.40241199,-31559652.89642053,-35424777.12890494,0.9606,33.87941176470588,0.876303110043024
Shai Gilgeous-Alexander,OKC,-1492302.308764547,-7858321.190962765,-16798611.16867346,-20501071.39341934,0.573,50.43235294117648,1.3156363227339456
Michael Porter Jr.,BRK,-11374874.020720951,-13369266.750403449,-26702435.328800935,-30209086.821843233,0.8874,38.81538461538461,1.012582735143293
Brandon Ingram,TOR,-13786219.399829976,-14911025.501906898,-28725622.86898796,-32695616.226686746,0.9332,35.7012987012987,0.9371590932519884
Tyrese Maxey,PHI,-2658568.282325171,-8447918.141327899,-17866649.40903704,-21659642.283746812,0.6131,48.62142857142856,1.2809013932865183
LaMelo Ball,CHO,-11583169.08976744,-13517206.310712142,-26900978.01199955,-30803989.603839755,0.8959,38.13055555555555,1.0045258474079648
De'Aaron Fox,SAS,-13768194.39552746,-15117677.490445778,-29384256.79007803,-33104093.659721557,0.9333,34.548611111111114,0.9313142575013872
Bam Adebayo,MIA,-8438475.405849852,-11306947.00535086,-23542661.39683058,-27400074.552141946,0.8219,40.81369863013698,1.1001999273825211
Desmond Bane,ORL,-14106709.802449286,-15386954.636583466,-29457190.80947899,-33402723.44229564,0.9368,33.71463414634146,0.9180127727102448
Jaren Jackson Jr.,UTA,-11688115.812464513,-13444863.844188232,-26638073.019362632,-30648282.963453706,0.8955,34.52916666666666,0.9865476190476188
Jalen Suggs,ORL,-14182947.038394315,-15409665.289540026,-29710919.445771374,-33349608.315223675,0.9398,31.59649122807017,0.9027568922305764
Rudy Gobert,MIN,-12995696.165604567,-14501662.013049906,-28281302.61637501,-32037787.770039223,0.9233,32.992105263157896,0.9426315789473684
Jalen Brunson,NYK,-6542373.91411534,-10440403.977862451,-21987153.221586797,-25835826.55833433,0.7609,40.51216216216216,1.159345266793066
Alperen Sengun,HOU,-2664832.9679334536,-8556087.582072003,-18027926.240228176,-21796697.300236285,0.6169,43.895833333333336,1.293147527415513
Jalen Green,PHO,-15781792.799836569,-16706071.543771354,-31114467.638756532,-35043783.37327835,0.9584,28.053125,0.8352997911328081
Khris Middleton,DAL,-22841312.52176749,-22801844.940897543,-37562258.751565255,-41341763.17074981,0.9921,19.41587301587301,0.5831241113387811
Immanuel Quickley,TOR,-10611724.166856648,-12852292.49684989,-25899328.841679107,-29497576.79429429,0.8728,32.855714285714285,1.010945054945055
Jrue Holiday,POR,-11560700.95631697,-13432120.188902522,-26619326.8329153,-30467973.191169318,0.8909,31.62264150943396,0.9760074539948754
Jerami Grant,POR,-14248458.148652188,-15450018.69586049,-29550097.60610764,-33264242.728360694,0.9431,27.992982456140343,0.8747806744174899
Jordan Poole,NOP,-19655162.262065247,-20043328.08652781,-34959705.70007915,-39186759.07933165,0.9825,21.45897435897436,0.6737889190642037
Tyler Herro,MIA,-8406378.507646471,-11319560.121712128,-23522816.955839932,-27420552.56297256,0.825,33.684848484848494,1.086608015640274
Julius Randle,MIN,-4649205.403573945,-9311215.46799893,-19869235.72028871,-23864094.85517164,0.6926,37.94177215189874,1.2293133990359555
Dejounte Murray,NOP,-7179826.799754255,-10646366.738107203,-22266844.379011154,-26158339.6720663,0.7818,34.89285714285715,1.132844403100017
CJ McCollum,ATL,-10671584.651453964,-12878710.345717384,-25979176.12806997,-29721746.703393914,0.8757,30.63026315789474,0.99881295077511
Jalen Johnson,ATL,4984216.896183528,-6049673.981539773,-10298098.53826266,-14240916.321776044,0.2851,48.25000000000001,1.6083333333333336
Isaiah Hartenstein,OKC,-9537025.269948073,-12036763.015026947,-24739300.705294948,-28344516.337413095,0.8588,29.417021276595744,1.0321761851437103
Andrew Wiggins,MIA,-8704249.91542831,-11627889.054002175,-24080055.38562633,-27871035.02779985,0.8307,30.070588235294117,1.0654558042127418
Derrick White,BOS,-4124633.134411715,-9158262.02627414,-19503514.235808615,-23349767.66739685,0.6776,35.30909090909091,1.2565512779035912
RJ Barrett,TOR,-6522651.663996473,-10335623.247381434,-21662847.55909435,-25621278.165861886,0.7599,32.02631578947368,1.155961130169652
Anfernee Simons,CHI,-15411949.4426809,-16433479.04695208,-30809892.954365544,-34798840.08089235,0.9495,21.545454545454547,0.7784164343402896
Devin Vassell,SAS,-11587629.947183557,-13470105.80659271,-26824518.730086397,-30646047.809761915,0.8933,25.24328358208955,0.9349364289662796
Tobias Harris,DET,-10441653.904175138,-12665013.024962552,-25881411.710551325,-29773859.055603802,0.8746,26.16031746031746,0.9822097340878684
John Collins,LAC,-11455963.083721869,-13416097.148125157,-26921835.461793818,-30868319.150825944,0.8959,24.904347826086955,0.9369581574901036
Draymond Green,GSW,-10537324.857431551,-12809515.313166948,-25979012.220890198,-30034293.90371006,0.8761,25.176470588235293,0.9723326625654054
Deandre Ayton,POR,-16966585.765970014,-17720265.72810846,-32230524.06394552,-36132676.06739197,0.9657,26.743055555555557,0.7946279410593549
Deandre Ayton,POR,-16966585.765970014,-17720265.72810846,-32230524.06394552,-36132676.06739197,0.9657,26.743055555555557,0.7946279410593549
Nic Claxton,BRK,-6348296.7656436935,-10058716.158930423,-21212860.818486188,-25184757.108834133,0.7558,29.46521739130435,1.1622318264534377
Myles Turner,MIL,-9021308.818727309,-11710703.732021078,-24286379.84390194,-28356286.79631218,0.8377,26.28309859154929,1.038108777401302
Trey Murphy III,NOP,1115009.8875749484,-6883764.343975586,-14049471.508229125,-17855648.303238157,0.4521,37.82424242424243,1.512969696969697
Josh Giddey,CHI,4345956.780213438,-5864966.349577378,-10628977.210453596,-14304985.884681301,0.3161,41.62222222222222,1.6648888888888889
Miles Bridges,CHO,-5032873.177665226,-9546403.430989936,-20316194.317235492,-24406429.33201973,0.707,30.597402597402592,1.2238961038961036
Mikal Bridges,NYK,-5696294.8617578745,-9887244.40652874,-20950738.341220852,-24745100.633300506,0.7305,29.700000000000003,1.1927710843373496
DeMar DeRozan,SAC,-4368654.079217106,-9094943.518800374,-19233812.47777571,-22990711.54422524,0.6832,30.87272727272727,1.2565212565212565
Jaden McDaniels,MIN,-6151973.370642386,-10159613.709024623,-21249553.150052212,-25134691.184508517,0.7414,28.568493150684933,1.1711708829956586
Jonathan Kuminga,ATL,-10085251.225294543,-12367182.397633802,-25424465.531567536,-29316482.901167702,0.861,23.247222222222224,0.9767917319100284
De'Andre Hunter,SAC,-10366699.821335686,-12564795.011123879,-25616807.25869366,-29297219.48611767,0.871,22.33333333333333,0.958365279438646
Aaron Gordon,DEN,-4521534.138108596,-9338170.006576007,-19980571.055521775,-23840048.0879328,0.6831,28.661111111111108,1.25478482483323
Kyle Kuzma,MIL,-8122474.71850325,-11166672.335883146,-23294719.091028806,-27141678.99305693,0.8102,23.92173913043478,1.067429421491958
Kentavious Caldwell-Pope,MEM,-13029878.346142758,-14440262.230206087,-28085077.747653786,-32174098.758062903,0.923,17.225490196078432,0.7966834029127688
Naz Reid,MIN,-3204244.339575261,-8559748.904384417,-18051271.44887093,-21835513.730453543,0.6318,28.69350649350649,1.3313787098195249
Nikola Vučević,BOS,156027.79632759094,-7391965.604148728,-15351174.208069297,-19245707.045420013,0.4955,32.5609375,1.51576781414652
Dillon Brooks,PHO,-2529567.858959891,-8364370.264852538,-17845520.05633579,-21711029.307870846,0.6094,28.98392857142857,1.3720780932985377
Cameron Johnson,DEN,-7565662.510684254,-10920570.87704728,-22676455.144476302,-26569426.98607808,0.7889,22.985185185185184,1.09156642605155
Norman Powell,MIA,456084.7355694473,-7424709.100024731,-14897952.17462932,-18844897.546418626,0.4792,31.7396551724138,1.5495791715360694
Jarrett Allen,CLE,1467178.619117431,-6966208.002299587,-14071387.613612363,-17831884.701204497,0.4427,32.36071428571429,1.6180357142857145
Jakob Poeltl,TOR,-3756430.511483459,-9060255.389377953,-18972329.589956608,-23176503.82297342,0.6565,25.63260869565217,1.3144927536231883
Josh Hart,NYK,227707.6463534832,-7281765.695337038,-14840858.54237028,-18850029.080005273,0.4879,30.28333333333333,1.555205427487199
Bradley Beal,PHO,-20874287.541086357,-21029362.91233851,-35950645.22165936,-39777332.80700353,0.9875,11.666666666666666,0.4716280046241104
Bradley Beal,PHO,-20874287.541086357,-21029362.91233851,-35950645.22165936,-39777332.80700353,0.9875,11.666666666666666,0.4716280046241104
Jusuf Nurkić,UTA,3030247.396148056,-6344615.951366926,-12159586.459207982,-16154195.975709906,0.3737,33.46341463414634,1.7271439811172304
Harrison Barnes,SAS,-9952786.239274262,-12386297.689014541,-25076969.634675257,-28836232.105242617,0.8635,17.76103896103896,0.9347915242652084
Collin Sexton,CHI,-3925970.5830297526,-8898297.52601808,-19076000.723604314,-22957759.95003151,0.6594,24.816176470588232,1.3078353871192745
Ivica Zubac,IND,2218486.4997990504,-6504399.560140245,-13060533.9243295,-16813180.628614705,0.4079,31.94375,1.690684016813821
Malik Monk,SAC,-7270808.330559039,-10653323.14864685,-22071318.977473054,-26246608.584913444,0.7821,20.6758064516129,1.0999162421375228
Santi Aldama,MEM,862210.5459183827,-7061589.202180478,-14398980.909179524,-17897970.382556703,0.453,29.86976744186046,1.615812137297414
Rui Hachimura,LAL,-8374487.751476087,-11407268.089913547,-23179679.00234324,-27473686.038152903,0.821,18.745588235294115,1.0266346643800888
Luguentz Dort,OKC,-9360087.440734591,-11853156.901410755,-24354509.40284789,-28276753.10027115,0.8406,17.543478260869563,0.9627518675203036
Alex Caruso,OKC,-10218700.485571826,-12391032.165613389,-25522247.064934537,-29288557.57496207,0.865,16.392857142857142,0.9055826506936882
Andrew Nembhard,IND,3498593.763886787,-6109346.652482687,-11532716.291690892,-15473014.162875181,0.3512,32.51754385964912,1.7963508926996532
Zach Collins,CHI,-7579466.618293753,-11045016.069866441,-22877663.50104888,-26824001.986628477,0.791,19.47,1.0768509890436633
Patrick Williams,CHI,-11413851.39537993,-13230574.659049224,-26583143.868729502,-30286092.672853485,0.8859,14.868055555555555,0.8260030864197532
Kevin Huerter,DET,-6003533.315113949,-10077545.995937513,-21192504.7427544,-25098296.5586628,0.7403,21.217391304347824,1.179328974042058
Keldon Johnson,SAS,-4094551.4007845353,-9117955.7707787,-19354276.67602491,-22899155.31960708,0.6692,22.884146341463413,1.3076655052264807
Grayson Allen,PHO,1791595.6000509933,-6734153.5646076165,-13429384.838976145,-17249736.218771335,0.4209,29.068627450980387,1.7225853304284673
Duncan Robinson,DET,-5578968.910039486,-9716039.453257794,-20629282.73480765,-24453986.74700076,0.7317,20.35714285714286,1.2092376181959763
Klay Thompson,DAL,-7593706.431077341,-10889681.278471287,-22813928.79981227,-26666947.836309385,0.7905,17.791304347826085,1.0674782395200002
Bogdan Bogdanović,LAC,-9865315.248964544,-12280157.736900894,-24954881.732354853,-28577141.358457442,0.8537,14.360869565217392,0.8964338055691257
Max Strus,CLE,-4417416.558796728,-9253048.30373149,-19516900.819054935,-23197453.791377176,0.6847,20.666666666666664,1.2968173007810435
Terance Mann,BRK,-7019183.996213242,-10475020.56685769,-22097574.275940143,-26109253.44254713,0.782,17.095238095238095,1.1029185867895546
Paolo Banchero,ORL,13272731.666952476,-3902185.0324387327,-1838034.0858203284,-5400401.850458279,0.0745,40.754166666666656,2.657631599580448
Nickeil Alexander-Walker,ATL,7619213.768143825,-5203251.296448608,-7261343.737271953,-11302816.092064355,0.1951,33.9051282051282,2.236220515052844
Onyeka Okongwu,ATL,7676636.297325745,-5185426.559374449,-7458225.637871765,-11595831.828366295,0.1986,33.78243243243243,2.252162162162162
Jonathan Isaac,ORL,-13530148.008770602,-14909106.983263426,-28708080.245647155,-32638291.04005165,0.9289,8.853846153846153,0.5902564102564102
Isaiah Stewart,DET,-2170688.773832729,-8104260.154024682,-17052291.71047394,-20936968.89729945,0.5912,22.20689655172413,1.4804597701149425
Marcus Smart,WAS,-8133345.501412971,-11228524.048984526,-23594930.390254512,-27525447.106209528,0.8145,20.98225806451613,1.0532809994609234
Marcus Smart,WAS,-8133345.501412971,-11228524.048984526,-23594930.390254512,-27525447.106209528,0.8145,20.98225806451613,1.0532809994609234
Daniel Gafford,DAL,194209.48085552268,-7161103.496321428,-14688243.846284507,-18652214.87489923,0.4879,24.26545454545455,1.6867033783104053
Deni Avdija,POR,16024451.69786632,-3654969.9980678735,982790.1034258667,-2834805.6839504214,0.0401,42.86060606060607,2.9816073781291177
P.J. Washington,DAL,5060645.796554372,-5785327.852807291,-10014594.90868795,-14108516.224771922,0.2971,29.710714285714285,2.0993745756457125
Steven Adams,HOU,-2083254.7465924865,-8209146.283982323,-17267491.909456097,-20937113.83635308,0.591,21.2875,1.506500083436928
Caris LeVert,DET,-5762334.446446922,-9873263.74331865,-20837515.252595883,-24481968.46849121,0.7292,16.931666666666665,1.200486859519758
Obi Toppin,IND,-2349814.753081577,-8193436.123841941,-17398654.526815206,-21113499.80522613,0.6029,20.820833333333333,1.4872023809523809
Corey Kispert,ATL,-7446746.354659593,-10877919.433873389,-22836581.43603794,-26598169.492115807,0.791,14.8,1.0590339892665477
Herbert Jones,NOP,-1337438.808982676,-7862867.83890619,-16484257.198251488,-20359043.659871988,0.5483,21.937500000000004,1.573982674459702
Austin Reaves,LAL,12894087.405782528,-4387696.234834475,-2478138.981360179,-6301227.8707201155,0.0798,38.66666666666667,2.774275255268002
Cooper Flagg,DAL,14008758.916054972,-3965988.471286914,-1012777.6982267962,-4748215.118041866,0.0612,39.84571428571429,2.88195753235331
Chet Holmgren,OKC,11094364.06243547,-4313886.975138462,-4117134.0713068284,-7673293.104938762,0.1169,36.30869565217391,2.644215467255259
Josh Green,CHO,-11956610.317652203,-13529713.344383433,-26840636.55980299,-30674374.212823413,0.8934,9.136206896551723,0.6685029273451766
Grant Williams,CHO,-5992430.002940498,-9962985.70453394,-21116916.042506047,-24913520.721670434,0.7415,16.122222222222224,1.1815046881552325
Bobby Portis,MIL,1811712.208066972,-6582512.279830674,-13174098.93441464,-17077193.25994583,0.4214,25.061194029850743,1.863874203696628
Kelly Olynyk,SAS,-12869752.972371023,-14472801.041595435,-28284513.226299275,-31903610.14620784,0.918,7.80238095238095,0.580313139024023
Victor Wembanyama,SAS,25963194.12586461,-2874515.758854825,10861627.758692615,6840134.97370985,0.0027,53.3703125,3.9897429370675375
Zaccharie Risacher,ATL,-2875591.861942945,-8487034.609757518,-18221130.206896674,-21992842.983778838,0.621,19.25970149253731,1.45932035931489
Mitchell Robinson,NYK,620351.2605217863,-7159621.815221124,-14307523.450221099,-18026856.896677136,0.4665,23.083333333333336,1.7818712700030812
Coby White,CHO,3745697.781962713,-6138895.395171821,-11216060.920486644,-15192937.0479233,0.3458,26.68,2.0699999821551724
Dorian Finney-Smith,HOU,-11115011.493375115,-13009022.660595914,-26335457.786355432,-30240993.334278367,0.8828,8.989189189189188,0.7078101723771015
Brandon Clarke,MEM,-8906666.331203949,-11689512.226882804,-24094340.956215803,-28117230.086692408,0.8294,11.35,0.908
Dylan Harper,SAS,1636708.9352870863,-6646177.109655275,-13425044.901324581,-17151576.87874523,0.4397,23.59130434782609,1.9070892545888944
Isaiah Joe,OKC,-3073498.265270654,-8527341.623527108,-18007401.92614731,-21780489.993250392,0.637,18.04507042253521,1.459681042739263
Jabari Smith Jr.,HOU,7443280.112635002,-5252089.385134241,-7911596.669397517,-11686923.321787033,0.2127,30.393506493506496,2.4609345592841505
Donte DiVincenzo,MIN,4446850.568626074,-6016529.385019255,-10804740.307771722,-14640422.581107821,0.3167,26.44756097560976,2.205801582619663
Brandon Miller,CHO,10582742.50725013,-4770557.979281013,-4440209.860141457,-8533474.933083113,0.1187,33.635384615384616,2.810255381941767
Alex Sarr,WAS,12683992.438971804,-4302389.430300504,-2699967.6487230435,-6641254.988333678,0.088,35.916666666666664,3.041661303180378
Davion Mitchell,MIA,2838561.77259806,-6579022.611332969,-12491976.797403706,-16426109.251362499,0.3783,24.098571428571432,2.0774630541871923
Moses Moody,GSW,1277726.0344166514,-6960863.032594666,-13894036.042741342,-17853804.777829576,0.445,22.23333333333333,1.920959846323212
Jarred Vanderbilt,LAL,-5456747.132848227,-9800935.212105747,-20853974.689204726,-24672440.787962113,0.7345,14.313846153846155,1.2369990045176058
Matisse Thybulle,POR,-3850614.035516773,-9028579.914808964,-19171674.45869312,-22913719.165873956,0.6611,16.176666666666666,1.4005772005772004
Gabe Vincent,ATL,-9973228.797597636,-12477346.356464224,-25276230.70744598,-29208958.313993555,0.8569,8.920754716981131,0.7757178014766201
Keegan Murray,SAC,8292630.3594422415,-5085132.721156151,-6982681.321566901,-10886607.905131787,0.1878,29.973913043478262,2.6896682433894137
VJ Edgecombe,PHI,10959987.596503392,-4317461.031486658,-3987949.3227563365,-7669404.889305613,0.1167,33.068,2.976717724919164
Aaron Nesmith,IND,2946370.2237365823,-6445834.066689541,-12315481.126800118,-16068756.240955977,0.3774,23.520000000000003,2.138181818181818
Luke Kornet,SAS,362239.489060523,-7367529.241542834,-14887874.480119763,-18847555.30076374,0.4835,20.48235294117647,1.862032085561497
Isaac Okoro,CHI,-1930444.5852294192,-8102238.705494152,-17018658.12462579,-20738153.149824157,0.5775,17.787301587301588,1.617027417027417
Luke Kennard,LAL,-3315664.9071913585,-8638108.342525993,-18327935.199033815,-22178457.803761695,0.6383,16.15897435897436,1.468997668997669
Maxi Kleber,LAL,-11180417.497539213,-13315842.608605554,-26498962.975038435,-30591653.84689948,0.8885,6.9139534883720914,0.6285412262156447
Wendell Carter Jr.,ORL,5690355.2375653,-5509399.542253948,-9372352.587371396,-13180186.612058228,0.2668,26.569230769230764,2.44877702942219
Mike Conley,CHO,-6454044.386827193,-10290690.129696371,-21686050.908515096,-25583556.29490516,0.758,13.057407407407409,1.135439369012751
Mike Conley,CHO,-6454044.386827193,-10290690.129696371,-21686050.908515096,-25583556.29490516,0.758,13.057407407407409,1.135439369012751
Scoot Henderson,POR,3776807.20462068,-6018455.081174535,-11294916.982799742,-15113950.362859521,0.3436,24.2,2.251573310110494
Jordan Clarkson,UTA,-7520767.110754333,-10844056.841587855,-22707579.842256367,-26538783.525332768,0.7967,13.505555555555556,1.0430744256128963
Jordan Clarkson,UTA,-7520767.110754333,-10844056.841587855,-22707579.842256367,-26538783.525332768,0.7967,13.505555555555556,1.0430744256128963
Reed Sheppard,HOU,6325037.500008911,-5508350.443061899,-8933074.756399263,-12878243.990839886,0.246,27.02560975609757,2.548729837535466
Jonas Valančiūnas,DEN,-1291084.1411303617,-7942761.17430849,-16382336.026353715,-20121268.618289836,0.5483,17.82769230769231,1.715025715025715
T.J. McConnell,IND,2549007.9434507284,-6471175.720801619,-12801908.27633047,-16730620.743644204,0.3933,22.1125,2.167892156862745
Royce O'Neale,PHO,3099800.8976564053,-6265253.39002119,-12033685.25910392,-15962507.601741366,0.3675,22.67179487179487,2.2391896169673946
Jaden Ivey,CHI,-2438509.583123356,-8253298.107746117,-17348415.87852751,-21396339.12006352,0.6044,16.140540540540545,1.5969407578111232
Aaron Wiggins,OKC,-508097.8473938517,-7537223.151400337,-15735947.999660825,-19486023.056396298,0.516,18.404615384615383,1.821733570833301
Sam Hauser,BOS,-859584.3112325985,-7577568.480279722,-15806195.186110428,-19721733.528645225,0.5444,17.923076923076916,1.7843416773234488
Kon Knueppel,CHO,10119595.730188742,-4492997.7162224455,-4813983.64815537,-8790180.113267489,0.1388,30.79506172839506,3.074685066654991
Derrick Jones Jr.,LAC,1974444.2800757608,-6757260.198866442,-13194342.622758893,-17056498.773881234,0.4165,21.202,2.1202
Lonzo Ball,UTA,-457832.6727424059,-7532214.648470781,-15814106.45393649,-19692967.29603433,0.5263,18.34285714285714,1.834285714285714
Amen Thompson,HOU,17853209.786319926,-3548247.4413016015,2602849.8840367794,-1214296.811272559,0.0265,39.50379746835444,4.076506869373871
Caleb Martin,DAL,-6194318.245698629,-10112202.919099541,-21323020.506732978,-24989396.40481116,0.7482,11.122413793103448,1.1593040216517088
Stephon Castle,SAS,14332051.324127989,-4081828.971514347,-616033.746336279,-4507471.751632274,0.0556,35.211764705882345,3.683038653324541
Pat Connaughton,CHO,-12037882.625444544,-13722257.255726505,-27476288.706535492,-31223498.632624764,0.9051,5.6,0.521430660476664
Pat Connaughton,CHO,-12037882.625444544,-13722257.255726505,-27476288.706535492,-31223498.632624764,0.9051,5.6,0.521430660476664
Buddy Hield,ATL,-3076576.066840181,-8704104.250863496,-18409340.329800703,-22090400.738079064,0.6242,14.34705882352941,1.5561624979206503
Kyle Anderson,MEM,723417.6679326277,-7104843.544022842,-14591812.080367807,-18531374.498460013,0.4699,18.813953488372093,2.0406669559486548
Bennedict Mathurin,LAC,9075634.432392962,-4846682.958952443,-6003858.726588609,-10002673.542777695,0.1627,28.59444444444444,3.112295754759656
Ace Bailey,UTA,5803558.490079859,-5670045.552550951,-9468230.465351835,-13623765.577835536,0.2689,24.609722222222224,2.713357922766248
Naji Marshall,DAL,8528742.973798275,-5276808.243059397,-7042097.051295543,-10996368.033982309,0.1744,27.73108108108108,3.0812312312312304
Jalen Smith,CHI,4351521.2528274525,-5921481.048584208,-10866640.600818345,-14626940.013803748,0.3205,22.82075471698113,2.535639412997904
Ty Jerome,MEM,13848196.279947996,-3879273.9703418645,-1329288.8421324631,-5140140.822670575,0.0694,33.72666666666667,3.840868541927647
Ausar Thompson,DET,9630444.1956442,-4835347.219207202,-5927965.376937888,-9589484.927123647,0.1577,28.761643835616443,3.277680209187059
Brook Lopez,LAC,1545159.632626906,-6719909.684556958,-13557821.182197714,-17129355.013731755,0.4306,19.228,2.1974857142857145
Quentin Grimes,PHI,6096696.335452082,-5500130.596604275,-8853622.511109926,-12651560.673355255,0.2484,24.568,2.810595193410889
Sam Merrill,CLE,3256655.980509737,-6259757.45923564,-11989355.640484592,-15783926.390112646,0.3689,20.925,2.4669470360323995
Jaylin Williams,OKC,2338909.4864233155,-6525894.213361608,-12672055.242101958,-16708795.750648754,0.4044,19.80923076923077,2.3440923702014373
Shaedon Sharpe,POR,12443874.51933705,-3969238.783267343,-2259829.81979445,-6096288.503207964,0.0863,31.628,3.765245715378233
Kelly Oubre Jr.,PHI,8259242.393502528,-5086228.976132587,-6930531.633804383,-10845688.079472346,0.1845,26.688,3.183908663051843
Goga Bitadze,ORL,704489.9006464519,-7136529.098114058,-14632245.677785955,-18379105.314732675,0.4738,17.75,2.1300000852000034
Simone Fontecchio,MIA,-1114675.9417528585,-7885941.298585607,-16482034.167735668,-20176163.130597055,0.5455,15.581428571428573,1.8755423975068612
Tre Johnson,WAS,2430693.998726649,-6427329.834765172,-12651373.402576122,-16351825.374430632,0.3961,19.666666666666664,2.3874151658322846
Zeke Nnaji,DEN,-6179509.535847621,-10136218.12502365,-21262858.7461567,-25331267.803235162,0.7479,9.475,1.1586276859068565
Deandre Ayton,LAL,-16966585.765970014,-17716482.239010796,-32062766.574188612,-35755795.44854693,0.9688,26.743055555555557,0.7946279410593549
Deandre Ayton,LAL,-16966585.765970014,-17716482.239010796,-32062766.574188612,-35755795.44854693,0.9688,26.743055555555557,0.7946279410593549
Tre Mann,CHO,-4970857.94824269,-9350237.367034277,-19829951.707912594,-23581149.409999248,0.7082,10.68679245283019,1.3358490566037735
Tre Jones,CHI,10186789.721620068,-4711651.304230175,-5370603.439017036,-9100668.276463501,0.1426,28.504615384615388,3.5630769230769235
Kevon Looney,NOP,-1925453.7906471267,-8032163.857131424,-17022109.952104818,-20846496.603598624,0.5851,14.266666666666666,1.7833333333333332
Anthony Black,ORL,10980873.14750687,-4378908.002262216,-3999823.3351962455,-7796979.043837906,0.1173,29.403125,3.689095615210507
Tidjane Salaün,CHO,-2790375.5792209525,-8379044.60615233,-17657283.017325714,-21859304.3517389,0.6196,13.08918918918919,1.664605072360654
Max Christie,DAL,3859621.5255881306,-6163292.737992621,-11150025.112095868,-15134560.151909072,0.3306,20.73116883116883,2.68737363784138
Dyson Daniels,ATL,15372284.421527058,-3646169.281182168,-73310.38257526714,-3718320.69793331,0.051,34.25657894736842,4.444456705276291
Isaiah Jackson,LAC,1696900.1581279691,-6818306.223341202,-13419130.169551294,-17184768.614754863,0.4284,18.05454545454545,2.375598086124402
Jeremiah Fears,NOP,8727996.346027603,-4879003.457217256,-6130404.293301234,-10196886.9533136,0.169,26.22560975609756,3.487429555706826
Ayo Dosunmu,MIN,8758281.015866024,-4952585.360275161,-6507935.615413455,-10212466.392011905,0.1695,26.259420289855072,3.492632496172128
Bilal Coulibaly,WAS,9025086.46579064,-4753882.10968247,-5880611.9451526655,-9769343.404063337,0.1627,26.2875,3.613104073890813
Payton Pritchard,BOS,12834108.79067728,-4135738.871138126,-2286950.4039795874,-6015725.619150951,0.0808,30.71392405063291,4.246863488544531
Donovan Clingan,POR,16306432.527329044,-3630681.8232105286,1139598.7405798268,-2677051.889487541,0.0386,34.73246753246754,4.838469231648771
Kenrich Williams,OKC,-1514310.8817916736,-7872232.035004608,-16568776.467322612,-20424529.383356266,0.5566,13.76607142857143,1.9218304381643765
Jeremy Sochan,SAS,-6253599.947854307,-10224038.49048796,-21476317.471736442,-25372944.956257336,0.7563,9.03181818181818,1.146918956051393
Jeremy Sochan,SAS,-6253599.947854307,-10224038.49048796,-21476317.471736442,-25372944.956257336,0.7563,9.03181818181818,1.146918956051393
Tyus Jones,DAL,-5142986.066408103,-9514423.609718444,-20157611.632855676,-24272360.528664183,0.7018,9.3089552238806,1.3298507462686568
Egor Dëmin,BRK,4790705.265261358,-5901324.155102932,-10449064.963121593,-14380528.265479814,0.3079,20.855769230769237,3.0273136548175743
Jevon Carter,CHI,-2662666.689320922,-8384412.3820974855,-17807936.73128677,-21534256.065949604,0.6093,13.024528301886791,1.6957864205471906
Jevon Carter,CHI,-2662666.689320922,-8384412.3820974855,-17807936.73128677,-21534256.065949604,0.6093,13.024528301886791,1.6957864205471906
Clint Capela,HOU,-1113189.2843337243,-7749069.334308089,-16191350.590445267,-19976121.753210586,0.5442,13.693333333333332,2.043781094527363
Ousmane Dieng,MIL,728967.5092111938,-7184358.609549449,-14647862.839881122,-18615476.305964075,0.4784,15.824561403508769,2.3721842784070786
Jarace Walker,IND,7075786.402339583,-5339035.944873125,-8252735.385470823,-12036625.549807545,0.228,23.27894736842105,3.4924428054256915
Dean Wade,CLE,1090012.1974010635,-7090476.697150924,-14175187.943040973,-17996099.539048575,0.4529,16.193220338983053,2.4448294574589235
Jalen Williams,OKC,15690389.09747602,-3690934.0138366558,259678.57117729093,-3508372.6275837906,0.0476,33.30606060606061,5.060944505226277
Rob Dillingham,CHI,-1648493.8379656114,-8076359.682534435,-17113353.38228902,-20782541.077353805,0.5748,12.91846153846154,1.9644503960483597
Jalen Duren,DET,19956384.550393306,-3294721.402128636,4676992.408138112,876273.0095909436,0.0155,38.205714285714286,5.893084325400498
Ochai Agbaji,BRK,-3586008.809649825,-8759166.392935965,-18624082.758384075,-22368457.747452013,0.6513,10.414516129032256,1.631467900420576
Collin Murray-Boyles,TOR,6126764.403940598,-5716874.7312516,-9115680.917743878,-13398153.337118302,0.2472,21.771929824561404,3.4381146564971616
Mark Williams,PHO,10692665.01600352,-4721118.158400921,-4401492.269684335,-8490297.242609676,0.1195,27.07333333333333,4.313423025128583
Day'Ron Sharpe,BRK,7255377.572749501,-5211725.618378196,-7736120.392673394,-11562127.79545519,0.2106,23.001612903225805,3.6802580645161287
Ziaire Williams,BRK,3726632.706808159,-6300213.457023485,-11699073.162459815,-15562577.033872288,0.3441,18.85357142857143,3.016571428571429
John Konchar,UTA,3586804.468439335,-6194477.99002902,-11467237.253815303,-15412732.559605269,0.3438,18.589285714285715,3.0152937087243656
Taylor Hendricks,MEM,1879087.168287089,-6642769.547875945,-13127110.77507929,-17083298.70724244,0.4149,16.537288135593222,2.6990488349414763
Saddiq Bey,NOP,13588392.825040797,-4007157.9832440694,-1329029.2042196633,-5304057.266871738,0.0691,30.291666666666668,4.950715659657053
Zach Edey,MEM,16692982.94925864,-3913264.58569995,1431692.17813632,-2538736.7046978795,0.0352,33.85454545454545,5.600421084292051
Khaman Maluach,PHO,-4743681.78839561,-9333479.101942062,-19712720.912085094,-23758158.79076034,0.6912,8.621739130434783,1.4331157714715868
Jaden Hardy,WAS,-1358214.1148182824,-7764776.534831203,-16482799.592268014,-20260497.31329902,0.5637,12.582456140350878,2.097076023391813
Jake LaRavia,LAL,4762049.482836878,-5900033.4652600745,-10296365.6592415,-14276638.996301902,0.3045,19.77682926829268,3.296138211382113
Cam Thomas,BRK,2882630.534252696,-6484170.254135042,-12594878.702137403,-16362991.999266956,0.3849,18.55238095238095,2.713217398863132
Cam Thomas,BRK,2882630.534252696,-6484170.254135042,-12594878.702137403,-16362991.999266956,0.3849,18.55238095238095,2.713217398863132
Cason Wallace,OKC,6972269.721759191,-5289865.357032616,-8243506.381934482,-12003802.606665593,0.2282,22.16363636363636,3.808027910126792
Cody Williams,UTA,3293438.3451782186,-6349042.086127437,-11854350.73680408,-16047249.78193811,0.3567,17.74776119402985,3.0906091434414837
Cedric Coward,MEM,10619525.91853466,-4543931.781778829,-4213593.485109012,-8128875.464601562,0.1185,26.327419354838703,4.6066258197270935
D'Angelo Russell,WAS,4160989.270999245,-6119823.894924289,-11214328.411156036,-15253365.642503526,0.3301,18.7,3.2893579595426563
Al Horford,GSW,7342612.665861821,-5287400.141708595,-7756116.8762867125,-11529195.443212861,0.2078,22.44,3.947229551451187
Tari Eason,HOU,8568349.728603395,-4930359.633468191,-6685838.6697136415,-10433902.788682446,0.1794,23.87,4.205599737550843
Haywood Highsmith,BRK,-3257771.735817762,-8784541.617145818,-18985873.325338785,-23176589.354006395,0.6408,10.87142857142857,1.6870663507899104
Haywood Highsmith,BRK,-3257771.735817762,-8784541.617145818,-18985873.325338785,-23176589.354006395,0.6408,10.87142857142857,1.6870663507899104
Nicolas Batum,LAC,-2664685.957763614,-8350559.714568001,-17770808.17279736,-21631870.237229645,0.6157,10.578378378378378,1.8884565799732893
Jett Howard,ORL,-3534931.678112299,-8690958.774708364,-18556443.716888886,-22408462.526747536,0.6516,9.470909090909087,1.712728509021992
Guerschon Yabusele,CHI,-981687.2254663036,-7808877.9390855925,-16141686.209570931,-20270251.400580987,0.5486,12.437313432835822,2.2613297150610587
Matas Buzelis,CHI,14783349.36110004,-3833068.344950884,-236110.97190234487,-4047857.295185088,0.0529,30.916883116883117,5.667041168437907
Noa Essengue,CHI,-10215595.539598703,-12666936.054765357,-25817472.42967591,-29270720.089432366,0.8635,1.5,0.2762675153604738
Kris Dunn,LAC,6020360.399952212,-5604594.564294165,-8998598.04782883,-13145509.715589706,0.2529,20.58170731707317,3.792884291072013
Dario Saric,DET,-9242675.895175353,-11927989.106213566,-24335152.83849995,-28071479.801694628,0.8404,2.64,0.4865103936311367
Dalen Terry,NOP,-2879794.9023306877,-8504927.06276198,-17987720.61917366,-21743525.76543241,0.62,10.0875,1.8683607211400088
Bradley Beal,LAC,-20874287.541086357,-21035368.022264563,-35748891.86449795,-39287947.96071453,0.9898,11.666666666666666,0.4716280046241104
Bradley Beal,LAC,-20874287.541086357,-21035368.022264563,-35748891.86449795,-39287947.96071453,0.9898,11.666666666666666,0.4716280046241104
Paul Reed,DET,5220758.168329721,-5811035.698053331,-9938903.707996447,-13742885.842288423,0.2792,19.53538461538462,3.6611268168716657
Dereck Lively II,DAL,4349571.716005925,-6055716.292492157,-10871849.198711324,-14677897.780815283,0.3178,18.414285714285715,3.5052396398277894
Nikola Topić,OKC,-117872.83571938612,-7395217.173668294,-15749088.060396418,-19144092.97343547,0.5111,13.080000000000002,2.523673913546804
Derik Queen,NOP,13622494.914392635,-4136461.8015025477,-1487962.468239788,-5381201.430131287,0.0684,29.202469135802467,5.661631562827642
Kevin Porter Jr.,MIL,22711040.843399428,-3075385.328897494,7541897.388538223,3849948.395048356,0.0065,39.85789473684211,7.763516699813422
Marcus Smart,LAL,-8133345.501412971,-11265567.093714373,-23217083.999226984,-27238426.494547255,0.8088,20.98225806451613,1.0532809994609234
Marcus Smart,LAL,-8133345.501412971,-11265567.093714373,-23217083.999226984,-27238426.494547255,0.8088,20.98225806451613,1.0532809994609234
Andre Drummond,PHI,7321125.372681236,-5365478.279300314,-8045760.553795413,-11701276.401854627,0.2132,21.60952380952381,4.321904761904762
Moritz Wagner,ORL,-251130.2051732,-7381605.082716464,-15509373.78414427,-19091533.087272584,0.5211,12.708333333333332,2.5416666666666665
Nick Richards,CHI,610205.0053343829,-7038214.202552767,-14318100.449816203,-17898378.270720594,0.4739,13.720833333333331,2.744166666666666
Gradey Dick,TOR,-1852799.3405302449,-8129477.378569781,-17413921.98371916,-21230092.86855729,0.579,10.814473684210528,2.1669860064222304
Malaki Branham,CHO,-3753701.589575916,-8921840.641081102,-19040385.776720222,-23058409.978143066,0.6574,8.54642857142857,1.7223643154788717
Devin Carter,SAC,5031964.983318599,-5713978.248931178,-9955003.78859956,-13709676.167746792,0.2899,18.82894736842105,3.824130407176088
Christian Braun,DEN,9166099.009166785,-4786432.205682391,-5748047.587106928,-9594558.01923552,0.1567,23.68636363636364,4.8125437998283225
Carter Bryant,SAS,-2981430.367628009,-8475143.99136461,-18095797.976879302,-21951434.497034848,0.626,9.381690140845071,1.9145056120508603
Walker Kessler,UTA,21606771.485842034,-3001064.316135401,6569507.998818799,2835669.8403166733,0.0087,38.26,7.841870505425565
Jordan Hawkins,NOP,-3103765.62787815,-8507607.853596712,-18310529.619276315,-22313095.66902866,0.6336,9.050980392156864,1.908957925674045
Bub Carrington,WAS,7899970.853976017,-5091177.223207739,-6919512.811744669,-10780488.906708175,0.1868,21.910975609756097,4.684234566819757
Jose Alvarado,NYK,4370764.863754306,-5979408.068078778,-10668433.617782848,-14369026.924354175,0.3178,17.5536231884058,3.900805152979067
Nikola Jović,MIA,2969738.1491990164,-6417932.892439911,-12032161.925416978,-16130583.648052007,0.3724,15.84255319148936,3.5637946207272253
Kel'el Ware,MIA,13079933.587583745,-3832306.690717202,-2025725.1124432937,-5494585.202779749,0.0788,27.72467532467532,6.239574404206573
Yang Hansen,POR,-6246807.494511477,-10185355.073525745,-21473178.864767253,-25253470.309302256,0.7548,4.981395348837211,1.126411090195554
Peyton Watson,DEN,13405762.80515673,-4089296.7875006218,-1662244.3496458265,-5599297.57749252,0.073,28.00555555555556,6.4284884286188095
Miles McBride,NYK,7635260.114056779,-5129756.481176619,-7646802.495034106,-11177157.109542992,0.2076,21.19512195121952,4.891182364987763
Keyonte George,UTA,22139953.6688772,-2909975.7417534734,7022090.239570261,3129130.5665731137,0.0092,38.18148148148148,8.923075112055612
Jared McCain,OKC,1415561.686208183,-6785403.624382443,-13796062.096594524,-17761955.78684255,0.4453,13.75223880597015,3.2577744627253185
Joan Beringer,MIN,-2343177.2738562627,-8337324.878148637,-17775832.173666604,-21774817.91633252,0.5973,9.31,2.2160968132004157
Kevin Love,UTA,4629163.6782718,-5859750.115840511,-10385626.037128506,-14048465.065078508,0.3055,17.445945945945944,4.20384239661348
Dalton Knecht,LAL,-3888948.5149418777,-9062564.491492625,-19134561.6322528,-23182725.33257974,0.6638,7.268518518518518,1.8125258140619125
Ryan Rollins,MIL,19018066.470860288,-3310524.5616889154,3843966.6705817035,-30725.135560844432,0.0193,34.18378378378379,8.545945945945947
Dwight Powell,DAL,-10347.484589839354,-7325603.811811731,-15046194.864578495,-18537596.56544552,0.5081,11.815873015873017,2.9539682539682537
Jaime Jaquez Jr.,MIA,14962125.160602562,-3883385.5481013316,421690.3045697089,-3611313.3508809577,0.0467,29.25333333333333,7.575443684828395
Daniss Jenkins,DET,6778465.973603861,-5279840.473384292,-8268979.584265881,-12004579.612823712,0.2343,19.572222222222223,5.137708076447931
Cole Anthony,MEM,1258721.7347704414,-6912178.332210459,-14152383.798899509,-17633711.921406206,0.4538,15.654285714285717,2.610668844399992
Cole Anthony,MEM,1258721.7347704414,-6912178.332210459,-14152383.798899509,-17633711.921406206,0.4538,15.654285714285717,2.610668844399992
Gary Trent Jr.,MIL,683454.6959494185,-7175316.510082813,-14606788.920739725,-18607891.378955837,0.4718,12.275384615384612,3.3202694041377274
Brandin Podziemski,GSW,13797743.200752744,-3935349.9757933943,-1066059.101123266,-4924111.265232734,0.0644,27.68048780487805,7.50563666766398
Svi Mykhailiuk,UTA,3913227.642666282,-6186505.837576112,-11389020.750144113,-15424096.209608609,0.3309,16.046,4.366258503401361
Kasparas Jakučionis,MIA,2623873.794965079,-6391861.8756594015,-12547430.231585788,-16430241.076179326,0.3924,14.51132075471698,3.9661421107240025
Ja'Kobe Walter,TOR,3485584.655074045,-6209454.99575678,-11926310.690566618,-15831735.422222868,0.3586,15.5,4.260395364689844
Gary Harris,MIL,-3197276.141726593,-8734262.204542518,-18653753.164880984,-22663621.7838603,0.6408,7.639583333333333,2.1021633743360097
Cam Whitmore,WAS,4013386.335562246,-6168109.521140437,-11336456.635761047,-15482478.70187214,0.3333,16.004761904761903,4.5214257194730445
Will Riley,WAS,5742576.64744116,-5673933.974612954,-9514944.386019692,-13403167.22359579,0.2603,18.00540540540541,5.1260648780378215
Jaylon Tyson,CLE,11649770.221205993,-4429751.53150015,-3431726.596313875,-7469739.73835167,0.1039,24.925757575757576,7.136979331523037
Jaxson Hayes,LAL,4959496.409845552,-5820007.6964140255,-10134448.961431032,-14057926.139793327,0.2965,17.010606060606058,4.931578185228249
Dominick Barlow,PHI,7003715.03086379,-5190121.808972635,-7982888.882937874,-11943534.104229229,0.2227,19.37323943661972,5.672983729610459
Noah Clowney,BRK,9636190.738707082,-4668532.14268988,-5639412.079523179,-9147837.746387161,0.148,22.44848484848485,6.605137598711499
Drake Powell,BRK,932037.017151514,-7131596.213839791,-14282727.618357893,-18378973.576550663,0.4491,12.185714285714283,3.6135370809059504
Yves Missi,NOP,7005948.019644242,-5343267.2131871665,-8494984.272067795,-12106975.197414273,0.2252,19.303030303030305,5.7568744491656245
Blake Wesley,WAS,-2929913.854796715,-8524467.651958559,-18124789.44995613,-21809463.327938844,0.6184,10.316129032258068,1.827891372633936
Blake Wesley,WAS,-2929913.854796715,-8524467.651958559,-18124789.44995613,-21809463.327938844,0.6184,10.316129032258068,1.827891372633936
Taurean Prince,MIL,5037128.103540601,-5897514.063422439,-10335428.87979974,-14141418.962387059,0.2974,16.93076923076923,5.124675365436385
Dariq Whitehead,BRK,10851114.84075698,-4443386.7836107565,-4109195.4533457696,-7940317.951339542,0.1184,23.716666666666665,7.269342683863795
Asa Newell,ATL,-576051.093189707,-7462382.953058616,-15618954.750765158,-19180246.554807868,0.5218,10.254545454545454,3.1674467346656825
Kris Murray,POR,3815634.5318946727,-6153930.707604767,-11451864.216131262,-15278641.399464509,0.3425,15.292982456140347,4.882816876162308
Nique Clifford,SAC,6844490.518456316,-5383510.768435284,-8360656.557889172,-12259465.055342859,0.2276,18.825333333333333,6.05682320287934
AJ Johnson,DAL,-3685078.640729501,-8885291.538874744,-18797950.458361592,-22972013.07430472,0.6554,6.427083333333333,2.0796391930487603
De'Anthony Melton,GSW,11327605.803302454,-4405704.888613797,-3879361.341352128,-7509484.071691549,0.1091,24.06326530612245,7.8104129596709715
Kyle Filipowski,UTA,13579788.351382405,-4251909.071125007,-1644801.3341152323,-5674425.006996119,0.0704,26.61558441558441,8.871861471861472
Ajay Mitchell,OKC,13279978.601730349,-4082434.3891452025,-1838852.5123742134,-5741318.641805988,0.0754,26.263157894736835,8.754385964912279
Julian Champagnie,SAS,10650284.624123378,-4623296.154128132,-4481537.409792357,-8570197.516052794,0.1239,23.1719512195122,7.7239837398374
Jase Richardson,ORL,-2120107.812337267,-8194311.450766291,-17323087.996037077,-21323981.58828276,0.5901,8.140740740740739,2.7287521086376048
Kyshawn George,WAS,17077012.812687784,-3383628.288586308,1755998.6338349937,-1807694.5770241993,0.0318,30.6875,10.343775701438606
Tony Bradley,IND,-1896964.3772722485,-8082669.378427566,-17042126.905251358,-20950435.453538418,0.5865,8.66341463414634,2.70324868390146
Tony Bradley,IND,-1896964.3772722485,-8082669.378427566,-17042126.905251358,-20950435.453538418,0.5865,8.66341463414634,2.70324868390146
Marcus Sasser,DET,-54540.2534198761,-7486334.618104371,-15587444.732355423,-19545165.106452838,0.4983,10.455263157894738,3.6218487272387834
Ben Saraf,BRK,4565931.345479842,-5965570.160458418,-10613476.183639385,-14522826.946567802,0.314,15.884090909090911,5.50659057502389
Pacôme Dadiet,NYK,-5759198.912900211,-9861741.69077807,-20965352.65056335,-24941165.01628002,0.7301,3.7034482758620686,1.3005507360099977
Danny Wolf,BRK,8280465.050596865,-4914257.371659755,-6864725.597466906,-10394114.01045026,0.1857,20.152631578947364,7.194079698904559
Ben Sheppard,IND,3685182.787341848,-6127261.516920041,-11447717.864736477,-15274116.78939221,0.3401,14.73846153846154,5.281239801363641
Hugo González,BOS,295584.013678411,-7174513.492192069,-14670628.57536663,-18482064.7718566,0.4806,10.745945945945945,3.860060759065025
Liam McNeeley,CHO,-1510055.298014666,-7900748.705373121,-16766902.930347878,-20609757.874068934,0.5627,8.600000000000001,3.1114777348442098
Dillon Jones,WAS,-4877875.312421836,-9342041.275723197,-19819949.434431944,-23796739.72689598,0.6922,4.628571428571428,1.6811117752540343
Yanic Konan Niederhäuser,LAC,-166120.85825835727,-7504371.546273292,-15569694.126589978,-19456025.921827476,0.5102,10.15609756097561,3.7014715216034735
Nick Smith Jr.,CHO,-1085302.3347998736,-7603913.416257271,-16038147.80664693,-19652636.605272602,0.5505,9.036666666666669,3.3337268385300614
Brice Sensabaugh,UTA,10319107.17419223,-4599946.212873346,-4857721.978921865,-8724735.316528102,0.1322,22.422666666666668,8.32392888255326
Julian Strawther,DEN,1685511.1963605192,-6921037.825567075,-13739695.466198858,-17728177.984220017,0.4264,12.250877192982456,4.581137234680448
Terrence Shannon Jr.,MIN,-1261905.2622050615,-7933851.69690346,-16677373.42218714,-20738497.70738126,0.5476,8.786046511627909,3.285633381061116
Ryan Dunn,PHO,4981266.671659887,-5763968.0607043,-9840471.64607853,-13906271.280113192,0.2883,16.105714285714285,6.059882865915013
Kobe Brown,IND,1700598.4857033882,-6747975.682440061,-13295171.283654243,-17188711.004727423,0.4191,12.245901639344265,4.612600810335783
Isaiah Collier,UTA,14549775.279628016,-3824272.0399775477,-407511.5989954494,-4177409.944586896,0.0549,27.33050847457627,10.35952864626498
Baylor Scheierman,BOS,2607790.919057988,-6653233.029162276,-12871152.107988648,-17021681.302853145,0.3916,13.270129870129873,5.066868984394757
Cam Spencer,MEM,11646577.62763003,-4337790.282174322,-3473030.485604547,-7306925.210104897,0.1039,23.8,9.37750321218886
Luka Garza,BOS,5188730.228896534,-5788788.355491813,-10181864.802517265,-13984114.390575677,0.2914,16.11884057971014,6.548479737339193
Sandro Mamukelashvili,TOR,11058493.125695176,-4403354.4504155,-3973026.8411008012,-7735131.762316084,0.1147,23.018750000000004,9.35165387413908
Trendon Watford,PHI,4362128.504615309,-6043023.5100714,-11233992.167121686,-15294673.940515889,0.3308,15.147169811320753,6.1537263860235765
Jericho Sims,MIL,3754443.548550483,-6315100.240001349,-11786587.682910489,-15712583.119071767,0.3437,14.43283582089552,5.863519305752522
Dru Smith,MIA,5906689.767942123,-5558359.100481736,-9067997.224963851,-13041102.39027419,0.2601,16.865714285714287,7.089800739726965
Josh Minott,BRK,5163280.87474112,-5631176.593032304,-9841205.211970553,-13750749.523066701,0.2932,15.991836734693877,6.722450884114675
Justin Champagnie,WAS,9401242.761762124,-4791808.477547175,-5704669.1270065345,-9693172.455139698,0.1528,20.93913043478261,8.911868614186295
Jordan Goodwin,PHO,10263621.53459821,-4769723.240059523,-5176974.711343412,-8873203.01127365,0.1344,21.952857142857145,9.343319158954136
Jay Huff,IND,10877430.78445208,-4595826.377657905,-4308604.66444304,-8145734.697242027,0.1166,22.67439024390244,9.650409666715657
Vít Krejčí,POR,5089580.57451538,-5809010.566551849,-10067698.365276305,-13873442.53419637,0.2849,15.870769230769232,6.754731798973786
Neemias Queta,BOS,15466140.574201308,-3642201.424244413,294358.88936195493,-3422331.4619396157,0.0471,28.068421052631574,11.946154182849677
Vince Williams Jr.,UTA,8650314.146218857,-4899671.99067856,-6503832.043277454,-10308673.864116184,0.1762,20.0,8.689656311058412
Keon Ellis,CLE,4585851.6988305375,-5881456.639298019,-10574573.057413828,-14225326.070254304,0.3086,15.22222222222222,6.613793970083347
Ryan Kalkbrenner,CHO,8796177.819323694,-4936986.558890098,-6136105.538018684,-10104736.167311354,0.1663,20.16521739130435,8.781712196063863
Sion James,CHO,3892736.509133266,-6117026.055715368,-11263328.48669714,-15235210.325775012,0.3425,14.40121951219512,6.271559714648653
Anthony Gill,WAS,2996142.458906183,-6330432.814153019,-12183164.517401515,-16096559.144256566,0.3753,13.347272727272726,5.81257843239645
Chris Boucher,UTA,-598114.1002768744,-7569698.956487859,-15825338.961168906,-19545447.852626853,0.5241,9.122222222222222,3.972619218012407
Chris Paul,TOR,1057799.888099501,-7139900.681314657,-14276401.65040914,-18107445.525248405,0.4458,11.06875,4.820308900418678
Garrett Temple,TOR,-6336052.365062393,-10132444.27319325,-21454288.894867633,-25237386.603710473,0.7505,2.377272727272727,1.0352739817951722
Bismack Biyombo,SAS,-5918589.966290683,-9952111.980978513,-21038246.56420701,-24812794.39281201,0.7404,2.868,1.2489798691271163
Lindy Waters III,SAS,-4694005.23984558,-9411846.638907867,-19965189.10427731,-23887152.814603202,0.6935,4.3075,1.8758649882374665
Jordan McLaughlin,SAS,-3807148.9860636974,-8851974.169171955,-18580518.53666409,-22411214.13978112,0.664,5.3500000000000005,2.329861331879384
Russell Westbrook,SAC,19603091.334089927,-3313905.646117709,4306780.270593478,250256.4780188073,0.0192,32.86875,14.313949467702896
Doug McDermott,SAC,-778358.5055219224,-7638691.485291179,-16025103.069782108,-19638904.299156982,0.5358,8.910344827586206,3.880349134113005
Drew Eubanks,SAC,1625187.3680370376,-6837605.326312234,-13644701.809748359,-17504220.466640335,0.4284,11.735714285714288,5.110763909583215
Blake Wesley,POR,-2929913.854796715,-8530944.689601477,-18021837.459279794,-22062932.092979256,0.62,10.316129032258068,1.827891372633936
Blake Wesley,POR,-2929913.854796715,-8530944.689601477,-18021837.459279794,-22062932.092979256,0.62,10.316129032258068,1.827891372633936
Cole Anthony,PHO,1258721.7347704414,-6828330.206196573,-13910909.826629305,-17461175.911075912,0.4499,15.654285714285717,2.610668844399992
Cole Anthony,PHO,1258721.7347704414,-6828330.206196573,-13910909.826629305,-17461175.911075912,0.4499,15.654285714285717,2.610668844399992
Amir Coffey,PHO,-2978639.7551299427,-8589050.446798384,-18419019.095988877,-22134737.804915536,0.6261,6.32391304347826,2.7539888721808725
Collin Gillespie,PHO,14832782.995402254,-4091234.1529997075,-138450.08037321488,-4196038.104930581,0.0513,27.261250000000004,11.871949950223712
Kyle Lowry,PHI,-5180424.171775965,-9478541.130849862,-20001771.207791705,-23955477.005676534,0.7225,3.7357142857142858,1.6268591142495563
Mason Plumlee,OKC,-3018734.4184553064,-8599203.560061483,-18171198.708469555,-22042122.003831252,0.6316,7.13,2.359280343389449
Mason Plumlee,OKC,-3018734.4184553064,-8599203.560061483,-18171198.708469555,-22042122.003831252,0.6316,7.13,2.359280343389449
Mason Plumlee,OKC,-3018734.4184553064,-8599203.560061483,-18171198.708469555,-22042122.003831252,0.6316,7.13,2.359280343389449
Landry Shamet,NYK,4709039.669944949,-5796688.102861933,-10084819.618744656,-14124000.308978098,0.3011,15.360784313725492,6.689438766334285
Jordan Clarkson,NYK,-7520767.110754333,-10814382.176592585,-23071564.318998974,-26672122.419202723,0.794,13.505555555555556,1.0430744256128963
Jordan Clarkson,NYK,-7520767.110754333,-10814382.176592585,-23071564.318998974,-26672122.419202723,0.794,13.505555555555556,1.0430744256128963
Bones Hyland,MIN,5437339.717356579,-5703319.849071975,-9616076.669756968,-13323587.486227755,0.2732,16.2169014084507,7.062267572794318
Joe Ingles,MIN,-4142703.443929479,-9091432.29969342,-19472945.57477301,-23326137.19663485,0.6805,4.955555555555556,2.158085470442794
Chris Livingston,MIL,-1213129.4811968803,-7915814.674553323,-16421301.951886656,-20215874.1554403,0.542,5.7,inf
Thanasis Antetokounmpo,MIL,-4542755.527499368,-9341953.749711467,-19794583.739402384,-23758782.064736106,0.6898,4.485294117647059,1.953292210619055
Eric Gordon,MEM,-999834.2258908356,-7652377.13457814,-16014055.790369853,-19960757.575398315,0.5436,8.65,3.766972059954518
Josh Okogie,HOU,1375585.955793893,-6809844.521807213,-13764245.431749253,-17533789.116297852,0.4387,11.442307692307692,4.982988829864246
Jeff Green,HOU,-5040666.077654805,-9469878.632752629,-20153347.753179614,-23828385.233304642,0.7116,3.9,1.6984035877251582
Aaron Holiday,HOU,-454340.581636088,-7552474.018445796,-15725182.080018478,-19576395.129084952,0.5257,9.29122807017544,4.046219253527863
Jae'Sean Tate,HOU,-3233850.187872929,-8436817.429237496,-18142554.377186827,-22135887.39377692,0.642,6.023913043478261,2.6233424423558604
Gary Payton II,GSW,6225883.985172607,-5458360.672155921,-9180431.993512988,-12875849.003615286,0.2487,17.143835616438356,7.4659363893151935
Javonte Green,DET,4765224.20806356,-5945994.426296359,-10574121.462173538,-14476261.996785844,0.3019,15.42682926829268,6.718200558074812
Tim Hardaway Jr.,DEN,8668387.667856006,-5010323.870834116,-6686123.062664035,-10564872.868232178,0.1741,20.015,8.716294309825395
Bruce Brown,DEN,7365050.811534809,-5144849.761436375,-7571081.581637415,-11378230.0105092,0.2053,18.48292682926829,8.049094676536116
Marvin Bagley III,DAL,10721413.815699594,-4595283.519133208,-4280230.536388666,-8248741.307646873,0.1196,22.42833333333333,9.767272256417716
Thomas Bryant,CLE,2551844.2964490727,-6467880.634376954,-12521256.103673613,-16407064.946498848,0.3859,12.825,5.58513487501927
Larry Nance Jr.,CLE,260419.19674953632,-7307383.600649754,-15085169.74713115,-18913208.352877945,0.4891,10.131428571428572,4.412116572947554
Keaton Wallace,ATL,-1084101.8216078598,-7675736.001335829,-16093675.432512412,-20148348.63755807,0.5408,8.550943396226415,3.723834087842485
Jock Landale,ATL,10505902.783605518,-4632246.784937936,-4768610.881969552,-8809803.291507568,0.1299,22.175,9.656948604565484
Scotty Pippen Jr.,MEM,13181376.776920209,-4065145.31444461,-1726531.7647981932,-5540402.246194203,0.0731,25.290000000000003,11.137363012416683
JD Davison,BOS,-2520748.919535844,-8536178.798813868,-18052599.64655423,-21752411.75088333,0.6125,6.832142857142857,3.0087803540011744
Brandon Williams,DAL,12202554.541440284,-4570765.640210726,-3569599.5052178204,-7413873.7939681765,0.0973,24.13939393939394,10.630652163019436
Moussa Diabaté,CHO,13336717.191005316,-3894449.5115085267,-1823721.1249804005,-5437852.202948228,0.0754,25.472602739726025,11.217778710296896
DeAndre Jordan,NOP,5399731.413996546,-5816168.642767481,-9708211.948418874,-13870421.621306585,0.2758,16.141666666666666,7.111242297683871
Toumani Camara,POR,14018059.819759538,-3968349.827138591,-1448601.757341913,-5120038.664595424,0.0679,26.215853658536584,11.800029283526175
Gui Santos,GSW,8351161.59170354,-5309511.05154153,-7398004.654327955,-11039976.23875204,0.1846,19.554411764705883,8.801644777663846
Rayan Rupert,POR,2172799.813512601,-6559734.218748286,-12883372.060162539,-16757302.82962201,0.4055,12.446875,5.288335506556421
Rayan Rupert,POR,2172799.813512601,-6559734.218748286,-12883372.060162539,-16757302.82962201,0.4055,12.446875,5.288335506556421
Julian Phillips,MIN,-3147694.74436102,-8711657.368982257,-18562951.684404258,-22372304.62954732,0.6372,6.0375,2.7175417488680846
Jalen Pickett,DEN,1742562.4977158606,-6770577.359920309,-13391219.346346539,-17425192.589274544,0.4252,11.786,5.3050015821381775
Hunter Tyson,BRK,-3475316.0736957667,-8912037.788230173,-19090121.708167013,-22740730.33535484,0.646,5.652380952380953,2.5441956469734137
Jalen Wilson,BRK,991991.7657648176,-7156965.189792453,-14403494.898412334,-18381521.225528803,0.4601,10.903703703703703,4.90787081277058
Jordan Walsh,BOS,3931267.1854242496,-6221554.670312178,-11439627.341591625,-15155109.882704608,0.334,14.358823529411763,6.463056299098278
Trayce Jackson-Davis,TOR,-41631.293658040464,-7293306.182687526,-14958358.395919232,-18845054.36077451,0.5019,9.688679245283016,4.360975625747135
Andre Jackson Jr.,MIL,-2933247.089070036,-8553816.689716928,-18329385.757652406,-22186035.616734494,0.6218,6.289583333333334,2.83100708758894
Craig Porter Jr.,CLE,6158181.503730938,-5601006.974762234,-9212771.481180305,-12871390.393507667,0.2461,16.9765625,7.641327924806351
Leonard Miller,CHI,4628363.712712001,-5857415.311783484,-10544040.955187935,-14557940.214108478,0.3089,15.178260869565218,6.831893596398224
Duop Reath,ATL,-3323151.9168718234,-8745061.80840973,-18613837.55708726,-22362792.558779247,0.6475,5.83125,2.624706471732839
Mouhamed Gueye,ATL,3233808.9821653403,-6451366.478308004,-12480618.262110425,-16435332.195088467,0.3685,13.53896103896104,6.094027637213258
Tyler Kolek,NYK,933550.8754339068,-7135093.677128033,-14208834.32515261,-18317803.361049682,0.4567,10.8,4.927238825547003
Jaylen Clark,MIN,-391291.5180701306,-7510259.252606083,-15611530.810193144,-19491449.180490214,0.5102,9.242647058823527,4.216734207320658
Tyrese Martin,BRK,2827286.2604253497,-6452274.005018332,-12514847.24231146,-16206848.663587188,0.3768,13.026086956521738,5.942837166400492
Precious Achiuwa,SAC,12311946.238188537,-4398676.685476814,-2990815.2765872,-7085945.612463611,0.0947,24.080821917808212,11.404517852485236
Justin Edwards,PHI,2228059.2647850905,-6594309.608834298,-12789592.353821106,-16810109.23259008,0.4066,12.153125,5.932712031375245
Nigel Hayes-Davis,MIL,-4767680.108988831,-9326545.363207877,-19770549.117087234,-23668143.468494,0.6979,3.92962962962963,1.91830175222853
N'Faly Dante,ATL,-4622745.7891594805,-9182101.411704794,-19456431.99457277,-23334820.08530258,0.6879,4.1,2.0014703484608694
Johnny Furphy,IND,3578771.2454177216,-6190967.421459954,-11690482.232862564,-15620440.072249675,0.366,13.63142857142857,6.971253406084132
Jonathan Mogbo,TOR,-3272717.4079002663,-8610514.651336025,-18519434.052509435,-22479005.329396866,0.6321,5.577500000000001,2.852391124575977
Jamal Shead,TOR,7996431.230917066,-5038906.74241394,-6965253.500308383,-10902373.299491879,0.1893,18.824390243902435,9.62698765706175
Oso Ighodaro,PHO,8572210.865764055,-5107748.170859556,-7180956.214930306,-10944879.817921419,0.1879,19.501219512195124,9.973125137605242
Ariel Hukporti,NYK,-1333196.8877056437,-7842252.749034631,-16472152.895276578,-20368632.563867092,0.5529,7.857407407407407,4.018359327846961
Karlo Matković,NOP,4397247.960442007,-6119156.944478085,-11117739.478248442,-14994827.441535426,0.3187,14.593548387096773,7.463291420067216
Tyler Smith,MIL,142139.96577465255,-7300890.784102284,-14940407.411748517,-18752910.59897232,0.4926,9.591666666666669,4.905277430729044
Keshad Johnson,MIA,-616402.1537670055,-7674140.96778198,-16010730.657451408,-19777942.307820175,0.525,8.7,4.449269885040072
Jaylen Wells,MEM,9631467.976473156,-4760239.942286107,-5448069.676616813,-9294927.334962845,0.1432,20.746376811594207,10.609911445002272
Bronny James,LAL,-2546684.2363389656,-8322944.762366423,-17442197.593886677,-21277533.956835028,0.6044,6.430952380952381,3.2888554897354227
Cam Christie,LAC,-2896282.01960436,-8413966.349040296,-18135951.040241968,-21818187.39890975,0.6322,6.0200000000000005,3.078690196315085
Quinten Post,GSW,5997484.135577383,-5460394.7549578855,-8868681.147984745,-12855356.507107252,0.2575,16.47462686567164,8.425294388586774
Bobi Klintman,DET,-3990851.208924284,-8827690.722448684,-18813607.63194479,-22756238.767162,0.671,4.733333333333333,2.42067556963866
Isaac Jones,DET,-5769222.3196254205,-9826616.178147048,-20647997.649497896,-24301836.59211506,0.7394,2.6428571428571423,1.3515844478364747
Drew Timme,BRK,-2626578.154878437,-8303320.747473335,-17563496.5376671,-21234967.426151942,0.6105,6.337037037037037,3.2408262125600524
Jamison Battle,TOR,-3195003.739241234,-8613606.572511649,-18274583.440918133,-22268080.10828112,0.6387,5.668852459016393,2.8991097159352868
Adem Bona,PHI,4448266.856583267,-5844394.623385316,-10440364.569261145,-14236138.607505344,0.3131,14.653521126760564,7.493962098746463
Pelle Larsson,MIA,10707649.333371842,-4453105.721316054,-4438454.237157399,-8204171.486508759,0.1265,22.01142857142857,11.256871985007788
Seth Curry,GSW,1319207.7888853103,-6906190.886890837,-13989984.70936944,-17793621.48540611,0.4401,10.74,6.11896777457586
Micah Potter,IND,8792405.075103238,-4773604.68686245,-6308476.275872626,-10039533.317999981,0.1727,19.25744680851064,12.604649682721709
Chaz Lanier,DET,-3654380.410424876,-8869395.410118569,-18562277.40247206,-22228095.487151526,0.6385,4.444117647058825,3.2371001238710324
Pat Connaughton,CHO,-12037882.625444544,-13761707.859933998,-27290252.8334875,-31111224.64717589,0.907,5.6,0.521430660476664
Pat Connaughton,CHO,-12037882.625444544,-13761707.859933998,-27290252.8334875,-31111224.64717589,0.907,5.6,0.521430660476664
Rasheer Fleming,PHO,565698.6024510842,-7089073.343537942,-14538672.163253311,-18146445.174948473,0.4748,9.287272727272724,7.296324626452604
Maxime Raynaud,SAC,14233732.653100464,-3910782.6105848877,-826031.2466384744,-4639544.606472796,0.0604,25.354054054054053,19.91880871892185
Johni Broome,PHI,-3684715.150141216,-9099354.585678006,-19027311.930005394,-22912427.49882541,0.6584,4.29090909090909,3.3710505321903184
Noah Penda,ORL,2158253.6479848307,-6608397.081993809,-12830378.908154499,-16873511.35094514,0.4076,11.159322033898304,8.76705557825882
Micah Peavy,NOP,1449540.6346539983,-6734440.572506315,-13481633.168382315,-17119510.914278343,0.44,10.326229508196722,8.112556276914942
Adou Thiero,LAL,-3469410.3486998584,-8808675.850268865,-18646246.28518426,-22538507.39138014,0.6546,4.5440000000000005,3.5698853771398498
Will Richard,GSW,5005104.8151625,-5805300.953666551,-10142925.119402805,-14029244.633433891,0.2927,14.505797101449271,11.396134013252944
Tyrese Proctor,CLE,1083543.7714350391,-6985782.722522835,-14063599.102070894,-17829545.347132225,0.4487,9.896,7.7745567104260465
Mohamed Diawara,NYK,-1450362.942529684,-7923896.031328489,-16876559.814635847,-20726130.75251866,0.5648,6.917391304347826,5.434483729169378
Kam Jones,IND,2563028.539556276,-6526233.427411744,-12854314.027322032,-16771037.02344556,0.394,11.635135135135132,9.14086680897117
Olivier-Maxence Prosper,DAL,8069972.487463899,-5173518.895529038,-7162885.520641452,-11120083.876900215,0.1879,17.790566037735847,17.748679154930212
James Wiseman,IND,-1855946.1517728204,-8098288.140133793,-16959537.88040624,-20593203.53905282,0.5668,6.275,5.543433129853265
Jevon Carter,ORL,-2662666.689320922,-8452031.201978402,-17701118.49799079,-21707954.210497785,0.6116,13.024528301886791,1.6957864205471906
Jevon Carter,ORL,-2662666.689320922,-8452031.201978402,-17701118.49799079,-21707954.210497785,0.6116,13.024528301886791,1.6957864205471906
Pat Spencer,GSW,7098596.915437529,-5306240.89833776,-8175039.29961393,-11930387.224844899,0.2187,16.478787878787877,19.21043487648446
Kobe Bufkin,LAL,-6938003.14590891,-10495413.873584202,-22169370.618576683,-25888465.83171819,0.7773,5.4125,0.987628955146044
Cam Thomas,MIL,2882630.534252696,-6370934.474731833,-12199419.767242605,-16036742.936982995,0.3739,18.55238095238095,2.713217398863132
Cam Thomas,MIL,2882630.534252696,-6370934.474731833,-12199419.767242605,-16036742.936982995,0.3739,18.55238095238095,2.713217398863132
Haywood Highsmith,PHO,-3257771.735817762,-8764236.65196845,-18301705.16285861,-22058765.065586798,0.6345,10.87142857142857,1.6870663507899104
Haywood Highsmith,PHO,-3257771.735817762,-8764236.65196845,-18301705.16285861,-22058765.065586798,0.6345,10.87142857142857,1.6870663507899104
Jeremy Sochan,NYK,-6253599.947854307,-10112307.979745788,-21075293.021748465,-25086560.78259079,0.7465,9.03181818181818,1.146918956051393
Jeremy Sochan,NYK,-6253599.947854307,-10112307.979745788,-21075293.021748465,-25086560.78259079,0.7465,9.03181818181818,1.146918956051393
Mike Conley,MIN,-6454044.386827193,-10248014.512234803,-21903552.398921005,-25823555.011486396,0.7582,13.057407407407409,1.135439369012751
Mike Conley,MIN,-6454044.386827193,-10248014.512234803,-21903552.398921005,-25823555.011486396,0.7582,13.057407407407409,1.135439369012751
Bryce McGowens,NOP,5904929.626587626,-5414095.111014374,-9045670.646699835,-13109826.491500834,0.266,14.91904761904762,20.58941319055203
Jabari Walker,PHI,1699021.1853906922,-6795452.318046495,-13466351.843680693,-17286830.417450815,0.4296,9.975,13.766253840060282
Nae'Qwan Tomlin,CLE,4819833.997457463,-5898425.05283643,-10541567.88027056,-14229247.469518756,0.2941,13.6359375,18.987589640047347
Jordan Miller,LAC,9181558.686072923,-4927369.136252893,-6170996.369063278,-9914034.857291767,0.161,18.756666666666668,26.320085354348244
Cameron Payne,PHI,8104776.890550233,-5287158.982677755,-7322880.291914794,-11316774.14274278,0.1876,17.49090909090909,24.54392501499233
E.J. Liddell,PHO,3007497.027917726,-6367261.9101704,-12148787.94626485,-16163466.953035522,0.3812,11.492307692307692,16.25737757400317
Caleb Houstan,ATL,-3632876.842649611,-8866301.126348492,-18769251.854917914,-22559293.17716903,0.6522,3.6777777777777776,5.258174793803296
Sidy Cissoko,POR,3553056.630783301,-6162482.912004849,-11643224.20144242,-15404169.905186161,0.3499,12.109333333333332,17.645838767511407
Spencer Jones,DEN,5161252.104177231,-5640278.389791703,-10003669.118373636,-13554592.729760397,0.2888,13.9265625,22.31938948694402
Mason Plumlee,SAS,-3018734.4184553064,-8675048.504597021,-18258452.828985047,-22126052.269232843,0.6362,7.13,2.359280343389449
Mason Plumlee,SAS,-3018734.4184553064,-8675048.504597021,-18258452.828985047,-22126052.269232843,0.6362,7.13,2.359280343389449
Mason Plumlee,SAS,-3018734.4184553064,-8675048.504597021,-18258452.828985047,-22126052.269232843,0.6362,7.13,2.359280343389449
Amari Williams,BOS,-1873397.7696922056,-8101476.424759809,-17226480.239374883,-20966644.217713404,0.5789,5.499999999999999,11.22155845003754
Kobe Sanders,LAC,5198302.108264621,-5750908.1426589,-9996995.066669295,-13713153.768729676,0.2823,13.795588235294115,29.01298690695024
Myron Gardner,MIA,1906183.700056556,-6607736.162827096,-13225524.170346515,-17006082.468445413,0.4211,9.831111111111111,24.887061737520817
Monte Morris,IND,-159012.8158596689,-7397006.707032092,-15344714.32691836,-19285890.663808398,0.5092,7.316666666666667,22.780296237255488
Garrison Mathews,IND,1300972.509772244,-6640391.3875889415,-13390742.487004738,-17290749.23848363,0.4413,9.160000000000002,21.33581785360741
Garrison Mathews,IND,1300972.509772244,-6640391.3875889415,-13390742.487004738,-17290749.23848363,0.4413,9.160000000000002,21.33581785360741
Mo Bamba,TOR,3028284.9884864725,-6402851.566179627,-12321774.207888603,-15979312.598190201,0.3714,11.225,24.470745196866872
Mac McClung,IND,3595547.1325528454,-6364389.588345782,-11832675.519193215,-16017149.796191836,0.3449,11.545454545454543,70.3733667283588
Tony Bradley,IND,-1896964.3772722485,-8110795.2798541775,-17130712.221885767,-21030175.65287211,0.5834,8.66341463414634,2.70324868390146
Tony Bradley,IND,-1896964.3772722485,-8110795.2798541775,-17130712.221885767,-21030175.65287211,0.5834,8.66341463414634,2.70324868390146
Mason Plumlee,SAS,-3018734.4184553064,-8563900.72310246,-17782831.750515833,-21753962.1127075,0.622,7.13,2.359280343389449
Mason Plumlee,SAS,-3018734.4184553064,-8563900.72310246,-17782831.750515833,-21753962.1127075,0.622,7.13,2.359280343389449
Mason Plumlee,SAS,-3018734.4184553064,-8563900.72310246,-17782831.750515833,-21753962.1127075,0.622,7.13,2.359280343389449
Jeremiah Robinson-Earl,IND,4056854.678529689,-6127961.611775826,-11343050.290637176,-15159356.80050237,0.3351,12.05,91.30863074941274
Jeremiah Robinson-Earl,IND,4056854.678529689,-6127961.611775826,-11343050.290637176,-15159356.80050237,0.3351,12.05,91.30863074941274
Garrison Mathews,IND,1300972.509772244,-6828216.014940271,-13531513.670109604,-17560009.370181523,0.4449,9.160000000000002,21.33581785360741
Garrison Mathews,IND,1300972.509772244,-6828216.014940271,-13531513.670109604,-17560009.370181523,0.4449,9.160000000000002,21.33581785360741
Killian Hayes,SAC,7000355.328178879,-5281733.518765982,-8064857.486702054,-11949786.005818378,0.223,15.665217391304347,59.3514336262194
Charles Bassey,PHI,6362471.504087711,-5573704.186006788,-9067048.29614525,-12767406.384842545,0.2458,14.915384615384616,56.51051229591807
Charles Bassey,PHI,6362471.504087711,-5573704.186006788,-9067048.29614525,-12767406.384842545,0.2458,14.915384615384616,56.51051229591807
Christian Koloko,MEM,2880412.351933388,-6565236.768925819,-12625771.041404542,-16565878.228641689,0.3773,10.822222222222225,41.002584762530205
Alondes Williams,WAS,16136815.161697766,-3865959.5581721202,856682.3306600959,-3055245.8184228498,0.0406,26.25,198.9088429188452
Skal Labissiere,WAS,4099389.75065352,-6033291.516321119,-10888320.776220838,-14672178.264546765,0.3271,12.1,91.68750473592485
Patrick Baldwin Jr.,PHI,1906831.812210139,-6811798.719299439,-13350813.691317184,-17424746.964425046,0.4144,9.677777777777775,36.66658247244744
Patrick Baldwin Jr.,PHI,1906831.812210139,-6811798.719299439,-13350813.691317184,-17424746.964425046,0.4144,9.677777777777775,36.66658247244744
Rayan Rupert,MEM,2172799.813512601,-6612540.075641591,-12964057.789019644,-16847485.340867016,0.4062,12.446875,5.288335506556421
Rayan Rupert,MEM,2172799.813512601,-6612540.075641591,-12964057.789019644,-16847485.340867016,0.4062,12.446875,5.288335506556421
Charles Bassey,MEM,6362471.504087711,-5404060.96279111,-8651825.149427084,-12391492.930322267,0.2401,14.915384615384616,56.51051229591807
Charles Bassey,MEM,6362471.504087711,-5404060.96279111,-8651825.149427084,-12391492.930322267,0.2401,14.915384615384616,56.51051229591807
Dalano Banton,LAC,408652.0496263057,-7209165.919775162,-14533118.693030024,-18358676.427873332,0.4848,7.916666666666667,29.99419059887348
Patrick Baldwin Jr.,LAC,1906831.812210139,-6617825.824829912,-13117589.282387424,-17030354.388087712,0.4199,9.677777777777775,36.66658247244744
Patrick Baldwin Jr.,LAC,1906831.812210139,-6617825.824829912,-13117589.282387424,-17030354.388087712,0.4199,9.677777777777775,36.66658247244744
Jeremiah Robinson-Earl,DAL,4056854.678529689,-6053515.898090272,-11273389.596842801,-14879864.453371314,0.3321,12.05,91.30863074941274
Jeremiah Robinson-Earl,DAL,4056854.678529689,-6053515.898090272,-11273389.596842801,-14879864.453371314,0.3321,12.05,91.30863074941274
Lawson Lovering,MEM,13628896.83426789,-4171355.2394697764,-1295935.9600460387,-5266814.763768496,0.0655,23.25,264.8546432151645
Malachi Smith,BRK,10464740.110880235,-4605335.549216914,-4443182.2093160935,-8484153.703127015,0.1249,19.513333333333332,266.7468638789023
Malachi Smith,BRK,10464740.110880235,-4605335.549216914,-4443182.2093160935,-8484153.703127015,0.1249,19.513333333333332,266.7468638789023
Kadary Richmond,WAS,14848688.211109778,-3664971.74744559,-427544.6711584445,-4052399.9475386776,0.0556,24.666666666666668,337.19282417216886
Keshon Gilbert,WAS,5349188.770120796,-5838652.588254782,-10154773.159147488,-14105819.481931465,0.2825,13.5,184.5447213374708
Grant Nelson,BRK,3583983.276981799,-6259694.176999192,-11603376.490831876,-15376218.81810123,0.3434,11.425,156.17951416893362
John Tonje,BOS,-1711633.202435193,-8021178.491658094,-16897092.806888968,-20692441.531445805,0.5658,5.2,71.08389266332209
Malachi Smith,BRK,10464740.110880235,-4514828.970399511,-4533408.508129867,-8369324.111038789,0.1276,19.513333333333332,266.7468638789023
Malachi Smith,BRK,10464740.110880235,-4514828.970399511,-4533408.508129867,-8369324.111038789,0.1276,19.513333333333332,266.7468638789023
Lucas Williamson,MEM,14770264.51511334,-4035489.3939650427,-156036.6484886772,-4217574.8351709945,0.0523,24.51428571428572,1117.0275090807306
