Player,Team,2025-26,2026-27,2027-28,2028-29,2029-30,2030-31,Guaranteed,Age,GP,MIN,PTS,REB,AST,STL,BLK,TOV,PPG,RPG,APG,MPG,YearsRemaining
Stephen Curry,GSW,59606817.0,62587158.0,0.0,0.0,0.0,0.0,122193975.0,38.0,43,1328.7283333333332,1142,154,203,49,17,121,26.558139534883722,3.5813953488372094,4.72093023255814,30.90065891472868,2
Joel Embiid,PHI,55224526.0,58100000.0,62748000.0,67396000.0,0.0,0.0,176072526.0,32.0,38,1200.6383333333333,1021,293,150,21,46,109,26.86842105263158,7.7105263157894735,3.9473684210526314,31.59574561403509,4
Nikola Jokić,DEN,55224526.0,59033114.0,62841702.0,0.0,0.0,0.0,114257640.0,31.0,65,2264.855,1799,836,697,92,53,243,27.676923076923078,12.861538461538462,10.723076923076922,34.843923076923076,3
Kevin Durant,HOU,54708609.0,43902439.0,46097561.0,0.0,0.0,0.0,98611048.0,37.0,78,2839.8233333333333,2026,426,372,62,71,246,25.974358974358974,5.461538461538462,4.769230769230769,36.40799145299145,3
Jayson Tatum,BOS,54126450.0,58456566.0,62786682.0,67116798.0,71446914.0,0.0,242486496.0,28.0,16,521.85,348,160,85,22,3,39,21.75,10.0,5.3125,32.615625,5
Anthony Davis,WAS,54126450.0,58456566.0,62786682.0,0.0,0.0,0.0,112583016.0,33.0,20,625.63,407,221,56,22,33,41,20.35,11.05,2.8,31.2815,3
Giannis Antetokounmpo,MIL,54126450.0,58456566.0,62786682.0,0.0,0.0,0.0,112583016.0,31.0,36,1039.23,993,352,196,34,24,115,27.583333333333332,9.777777777777779,5.444444444444445,28.8675,3
Jaylen Brown,BOS,53142264.0,57078728.0,61015192.0,64951656.0,0.0,0.0,236187840.0,29.0,71,2442.838333333333,2038,492,364,72,27,259,28.704225352112676,6.929577464788732,5.126760563380282,34.406173708920186,4
Devin Booker,PHO,53142264.0,57078728.0,61015192.0,64065952.0,69191228.0,0.0,235302136.0,29.0,64,2146.43,1668,248,386,51,18,201,26.0625,3.875,6.03125,33.53796875,5
Karl-Anthony Towns,NYK,53142264.0,57078728.0,61015192.0,0.0,0.0,0.0,110220992.0,30.0,75,2321.7816666666668,1504,889,226,65,40,187,20.053333333333335,11.853333333333333,3.013333333333333,30.95708888888889,3
LeBron James,LAL,52627153.0,0.0,0.0,0.0,0.0,0.0,52627153.0,41.0,60,1989.055,1256,364,432,72,35,179,20.933333333333334,6.066666666666666,7.2,33.15091666666667,1
Paul George,PHI,51666090.0,54126380.0,56586670.0,0.0,0.0,0.0,105792470.0,36.0,37,1135.0316666666668,641,196,133,62,16,64,17.324324324324323,5.297297297297297,3.5945945945945947,30.676531531531534,3
Kawhi Leonard,LAC,50000000.0,50300000.0,0.0,0.0,0.0,0.0,100300000.0,35.0,65,2084.7283333333335,1813,413,234,122,27,133,27.892307692307693,6.3538461538461535,3.6,32.072743589743595,2
Zach LaVine,SAC,47499660.0,48967380.0,0.0,0.0,0.0,0.0,47499660.0,31.0,39,1224.2633333333333,748,108,89,28,10,74,19.17948717948718,2.769230769230769,2.282051282051282,31.39136752136752,2
Cade Cunningham,DET,46394100.0,50105628.0,53817156.0,57528684.0,61240212.0,0.0,269085780.0,24.0,64,2171.6716666666666,1531,355,634,92,54,236,23.921875,5.546875,9.90625,33.932369791666666,5
Evan Mobley,CLE,46394100.0,50105628.0,53817156.0,57528684.0,61240212.0,0.0,269085780.0,25.0,65,2074.2883333333334,1180,586,234,48,113,122,18.153846153846153,9.015384615384615,3.6,31.912128205128205,5
Jamal Murray,DEN,46394100.0,50105628.0,53817156.0,57528684.0,0.0,0.0,207845568.0,29.0,75,2651.891666666667,1905,330,535,66,29,171,25.4,4.4,7.133333333333334,35.35855555555556,4
Lauri Markkanen,UTA,46394100.0,46113154.0,49824681.0,53536209.0,0.0,0.0,195868144.0,29.0,42,1442.5966666666666,1123,289,89,42,21,63,26.738095238095237,6.880952380952381,2.119047619047619,34.34753968253968,4
Donovan Mitchell,CLE,46394100.0,50105628.0,53817156.0,0.0,0.0,0.0,96499728.0,29.0,70,2342.0633333333335,1952,316,398,104,20,198,27.885714285714286,4.514285714285714,5.685714285714286,33.45804761904762,3
Trae Young,WAS,46394100.0,48967380.0,0.0,0.0,0.0,0.0,46394100.0,27.0,15,383.75333333333333,269,30,120,13,2,39,17.933333333333334,2.0,8.0,25.583555555555556,2
Luka Dončić,LAL,45999660.0,49800000.0,53784000.0,57768000.0,0.0,0.0,149583660.0,27.0,64,2288.6016666666665,2143,495,530,105,34,255,33.484375,7.734375,8.28125,35.75940104166666,4
Anthony Edwards,MIN,45550512.0,48924624.0,52298736.0,55672848.0,0.0,0.0,202446720.0,24.0,61,2136.5933333333332,1757,302,226,83,49,174,28.80327868852459,4.950819672131147,3.7049180327868854,35.02612021857924,4
Pascal Siakam,IND,45550512.0,48924624.0,52298736.0,0.0,0.0,0.0,146773872.0,32.0,62,2056.6516666666666,1485,411,236,69,25,138,23.951612903225808,6.629032258064516,3.806451612903226,33.17180107526882,3
Domantas Sabonis,SAC,42336000.0,45472000.0,48608000.0,0.0,0.0,0.0,136416000.0,30.0,19,563.5883333333334,301,216,78,18,4,51,15.842105263157896,11.368421052631579,4.105263157894737,29.662543859649123,3
OG Anunoby,NYK,39568966.0,42500000.0,45431034.0,48362068.0,0.0,0.0,127500000.0,28.0,67,2223.8716666666664,1118,351,145,104,48,123,16.686567164179106,5.2388059701492535,2.1641791044776117,33.192114427860695,4
Zion Williamson,NOP,39446090.0,42166510.0,44886930.0,0.0,0.0,0.0,126499530.0,25.0,62,1841.0633333333333,1302,353,199,60,34,126,21.0,5.693548387096774,3.2096774193548385,29.69456989247312,3
Ja Morant,MEM,39446090.0,42166510.0,44886930.0,0.0,0.0,0.0,126499530.0,26.0,20,568.5,389,65,161,20,6,71,19.45,3.25,8.05,28.425,3
Darius Garland,LAC,39446090.0,42166510.0,44886930.0,0.0,0.0,0.0,126499530.0,26.0,45,1344.2766666666666,845,107,301,43,8,130,18.77777777777778,2.3777777777777778,6.688888888888889,29.872814814814813,3
James Harden,CLE,39182693.0,42317307.0,0.0,0.0,0.0,0.0,0.0,36.0,70,2438.495,1652,336,557,79,28,245,23.6,4.8,7.957142857142857,34.83564285714286,2
Scottie Barnes,TOR,38661750.0,41754690.0,44847630.0,47940570.0,51033510.0,0.0,224238150.0,24.0,80,2680.7766666666666,1448,600,474,114,116,210,18.1,7.5,5.925,33.509708333333336,5
Franz Wagner,ORL,38661750.0,41754690.0,44847630.0,47940570.0,51033510.0,0.0,224238150.0,24.0,34,1019.0033333333333,699,177,113,32,11,58,20.558823529411764,5.205882352941177,3.323529411764706,29.970686274509802,5
Shai Gilgeous-Alexander,OKC,38333050.0,40806150.0,61005000.0,65885400.0,70765800.0,75646200.0,276795400.0,27.0,68,2258.9466666666667,2117,292,448,95,52,151,31.13235294117647,4.294117647058823,6.588235294117647,33.21980392156863,6
Michael Porter Jr.,BRK,38333050.0,40806150.0,0.0,0.0,0.0,0.0,50333050.0,28.0,52,1688.6033333333332,1259,367,158,55,13,122,24.21153846153846,7.0576923076923075,3.0384615384615383,32.47314102564103,2
Brandon Ingram,TOR,38095238.0,40000000.0,41904762.0,0.0,0.0,0.0,78095238.0,28.0,77,2603.8633333333332,1655,430,284,58,55,187,21.493506493506494,5.584415584415584,3.688311688311688,33.81640692640693,3
Tyrese Maxey,PHI,37958760.0,40770520.0,43582280.0,46394040.0,0.0,0.0,168705600.0,25.0,70,2661.1183333333333,1980,290,461,130,55,171,28.285714285714285,4.142857142857143,6.585714285714285,38.01597619047619,4
LaMelo Ball,CHO,37958760.0,40770520.0,43582280.0,46394040.0,0.0,0.0,168705600.0,24.0,72,2017.4466666666667,1445,347,514,87,18,202,20.069444444444443,4.819444444444445,7.138888888888889,28.020092592592594,4
De'Aaron Fox,SAS,37096620.0,49800000.0,53784000.0,57768000.0,61752000.0,0.0,260200620.0,28.0,72,2231.065,1336,270,445,89,19,164,18.555555555555557,3.75,6.180555555555555,30.98701388888889,5
Bam Adebayo,MIA,37096620.0,49800000.0,53784000.0,57768000.0,0.0,0.0,140680620.0,28.0,73,2364.685,1468,732,232,86,49,120,20.10958904109589,10.027397260273972,3.1780821917808217,32.39294520547945,4
Desmond Bane,ORL,36725670.0,39446090.0,42166510.0,44886930.0,0.0,0.0,163225200.0,28.0,82,2756.045,1647,338,338,86,37,164,20.085365853658537,4.121951219512195,4.121951219512195,33.61030487804878,4
Jaren Jackson Jr.,UTA,35000000.0,49000000.0,50500000.0,52000000.0,53500000.0,0.0,186500000.0,26.0,48,1454.6483333333333,931,272,94,53,69,107,19.395833333333332,5.666666666666667,1.9583333333333333,30.305173611111112,5
Jalen Suggs,ORL,35000000.0,32400000.0,29600000.0,26800000.0,26700000.0,0.0,123800000.0,25.0,57,1573.57,786,220,312,105,40,152,13.789473684210526,3.8596491228070176,5.473684210526316,27.606491228070173,5
Rudy Gobert,MIN,35000000.0,36500000.0,38000000.0,0.0,0.0,0.0,71500000.0,34.0,76,2380.0466666666666,829,872,128,58,124,106,10.907894736842104,11.473684210526315,1.6842105263157894,31.31640350877193,3
Jalen Brunson,NYK,34944001.0,37739521.0,40535041.0,43330561.0,0.0,0.0,113218563.0,29.0,74,2589.806666666667,1927,247,503,57,8,175,26.04054054054054,3.3378378378378377,6.797297297297297,34.99738738738739,4
Alperen Sengun,HOU,33944954.0,35642202.0,37339450.0,39036697.0,39036697.0,0.0,145963303.0,23.0,72,2397.695,1466,640,445,85,77,227,20.36111111111111,8.88888888888889,6.180555555555555,33.301319444444445,5
Jalen Green,PHO,33584499.0,36251166.0,36000000.0,0.0,0.0,0.0,69835665.0,24.0,32,828.325,568,116,91,34,8,72,17.75,3.625,2.84375,25.88515625,3
Khris Middleton,DAL,33296296.0,0.0,0.0,0.0,0.0,0.0,33296296.0,34.0,63,1439.0866666666666,640,231,176,41,9,108,10.158730158730158,3.6666666666666665,2.7936507936507935,22.842645502645503,1
Immanuel Quickley,TOR,32500000.0,32500000.0,32500000.0,32500000.0,0.0,0.0,130000000.0,27.0,70,2231.3083333333334,1150,282,415,92,5,102,16.428571428571427,4.0285714285714285,5.928571428571429,31.875833333333333,4
Jrue Holiday,POR,32400000.0,34800000.0,37200000.0,0.0,0.0,0.0,67200000.0,36.0,53,1560.4016666666666,865,245,322,54,6,146,16.32075471698113,4.622641509433962,6.0754716981132075,29.441540880503144,3
Jerami Grant,POR,32000001.0,34206898.0,36413790.0,0.0,0.0,0.0,66206899.0,32.0,57,1695.1016666666667,1060,198,122,42,36,119,18.596491228070175,3.473684210526316,2.1403508771929824,29.73862573099415,3
Jordan Poole,NOP,31848215.0,34044642.0,0.0,0.0,0.0,0.0,65892857.0,27.0,39,933.2366666666667,524,77,119,22,15,69,13.435897435897436,1.9743589743589745,3.051282051282051,23.9291452991453,2
Tyler Herro,MIA,31000000.0,33000000.0,0.0,0.0,0.0,0.0,64000000.0,26.0,33,1032.6533333333334,677,158,136,23,12,64,20.515151515151516,4.787878787878788,4.121212121212121,31.292525252525255,2
Julius Randle,MIN,30864198.0,33333334.0,35802468.0,0.0,0.0,0.0,64197532.0,31.0,79,2610.2966666666666,1667,532,398,86,18,217,21.10126582278481,6.734177215189874,5.037974683544304,33.041729957805906,3
Dejounte Murray,NOP,30801103.0,32785071.0,30751504.0,0.0,0.0,0.0,63586174.0,29.0,14,389.4166666666667,234,75,89,23,3,47,16.714285714285715,5.357142857142857,6.357142857142857,27.815476190476193,3
CJ McCollum,ATL,30666666.0,0.0,0.0,0.0,0.0,0.0,30666666.0,34.0,76,2263.3716666666664,1424,252,293,64,35,135,18.736842105263158,3.3157894736842106,3.8552631578947367,29.781206140350875,1
Jalen Johnson,ATL,30000000.0,30000000.0,30000000.0,30000000.0,30000000.0,0.0,150000000.0,24.0,72,2531.5983333333334,1621,740,566,89,31,244,22.51388888888889,10.277777777777779,7.861111111111111,35.16108796296297,5
Isaiah Hartenstein,OKC,28500000.0,28500000.0,0.0,0.0,0.0,0.0,28500000.0,28.0,47,1137.425,432,443,166,48,36,82,9.191489361702128,9.425531914893616,3.5319148936170213,24.200531914893617,2
Andrew Wiggins,MIA,28223215.0,30169644.0,0.0,0.0,0.0,0.0,28223215.0,31.0,68,2062.5983333333334,1045,329,182,76,69,103,15.367647058823529,4.838235294117647,2.676470588235294,30.33232843137255,2
Derrick White,BOS,28100000.0,30348000.0,32596000.0,34844000.0,0.0,0.0,91044000.0,31.0,77,2624.9566666666665,1267,339,414,88,98,134,16.454545454545453,4.402597402597403,5.376623376623376,34.09034632034632,4
RJ Barrett,TOR,27705357.0,29616071.0,0.0,0.0,0.0,0.0,57321428.0,26.0,57,1725.76,1098,300,189,42,19,99,19.263157894736842,5.2631578947368425,3.3157894736842106,30.276491228070174,2
Anfernee Simons,CHI,27678571.0,0.0,0.0,0.0,0.0,0.0,27678571.0,27.0,55,1371.9333333333334,785,135,134,27,8,68,14.272727272727273,2.4545454545454546,2.4363636363636365,24.944242424242425,1
Devin Vassell,SAS,27000000.0,27000000.0,24652174.0,27000000.0,0.0,0.0,105652174.0,25.0,67,2044.2316666666666,932,269,167,57,25,60,13.91044776119403,4.014925373134329,2.4925373134328357,30.510920398009947,4
Tobias Harris,DET,26634146.0,0.0,0.0,0.0,0.0,0.0,26634146.0,33.0,63,1745.45,836,323,157,58,26,63,13.26984126984127,5.126984126984127,2.492063492063492,27.705555555555556,1
John Collins,LAC,26580000.0,0.0,0.0,0.0,0.0,0.0,26580000.0,28.0,69,1871.4783333333332,935,367,70,60,51,95,13.55072463768116,5.318840579710145,1.0144927536231885,27.122874396135263,1
Draymond Green,GSW,25892857.0,27678571.0,0.0,0.0,0.0,0.0,25892857.0,36.0,68,1868.8883333333333,570,375,376,61,42,181,8.382352941176471,5.514705882352941,5.529411764705882,27.483651960784314,2
Deandre Ayton,POR,33654814.0,8104000.0,0.0,0.0,0.0,0.0,25550814.0,27.0,72,1958.385,897,575,59,41,70,83,12.458333333333334,7.986111111111111,0.8194444444444444,27.199791666666666,2
Nic Claxton,BRK,25352272.0,23147727.0,20943184.0,0.0,0.0,0.0,69443183.0,27.0,69,1920.3666666666666,810,478,253,45,77,96,11.73913043478261,6.927536231884058,3.6666666666666665,27.831400966183573,3
Myles Turner,MIL,25318251.0,26584164.0,27850077.0,29115990.0,0.0,0.0,79752492.0,30.0,71,1911.8033333333333,846,378,103,50,115,83,11.915492957746478,5.323943661971831,1.4507042253521127,26.92680751173709,4
Trey Murphy III,NOP,25000000.0,27000000.0,29000000.0,31000000.0,0.0,0.0,112000000.0,26.0,66,2340.6383333333333,1420,377,250,99,24,120,21.515151515151516,5.712121212121212,3.787878787878788,35.46421717171717,4
Josh Giddey,CHI,25000000.0,25000000.0,25000000.0,25000000.0,0.0,0.0,100000000.0,23.0,54,1731.3566666666666,919,448,494,55,27,196,17.01851851851852,8.296296296296296,9.148148148148149,32.06216049382716,4
Miles Bridges,CHO,25000000.0,22826087.0,0.0,0.0,0.0,0.0,47826087.0,28.0,77,2387.2316666666666,1314,450,246,46,34,107,17.064935064935064,5.8441558441558445,3.1948051948051948,31.003008658008657,2
Mikal Bridges,NYK,24900000.0,33482145.0,36160714.0,38839285.0,41517856.0,0.0,133382144.0,29.0,82,2691.935,1181,312,304,107,62,83,14.402439024390244,3.8048780487804876,3.707317073170732,32.8284756097561,5
DeMar DeRozan,SAC,24570000.0,25740000.0,0.0,0.0,0.0,0.0,24570000.0,36.0,77,2405.515,1419,226,316,80,23,96,18.428571428571427,2.935064935064935,4.103896103896104,31.240454545454543,2
Jaden McDaniels,MIN,24393104.0,26200001.0,28006898.0,29813790.0,0.0,0.0,108413793.0,25.0,73,2316.4133333333334,1084,310,199,81,73,131,14.849315068493151,4.2465753424657535,2.7260273972602738,31.731689497716896,4
Jonathan Kuminga,ATL,23799569.0,24300000.0,0.0,0.0,0.0,0.0,23799569.0,23.0,36,830.4966666666667,438,202,83,22,11,67,12.166666666666666,5.611111111111111,2.3055555555555554,23.069351851851852,2
De'Andre Hunter,SAC,23303571.0,24910714.0,0.0,0.0,0.0,0.0,48214285.0,28.0,45,1175.4866666666667,615,185,90,30,6,75,13.666666666666666,4.111111111111111,2.0,26.121925925925925,2
Aaron Gordon,DEN,22841455.0,33658037.0,36350680.0,39043323.0,0.0,0.0,92850172.0,30.0,36,1004.9583333333334,582,209,96,21,10,38,16.166666666666668,5.805555555555555,2.6666666666666665,27.91550925925926,4
Kyle Kuzma,MIL,22410605.0,20345152.0,0.0,0.0,0.0,0.0,42755757.0,30.0,69,1805.7416666666666,896,313,184,46,28,119,12.985507246376812,4.536231884057971,2.6666666666666665,26.170169082125604,2
Kentavious Caldwell-Pope,MEM,21621500.0,21621500.0,0.0,0.0,0.0,0.0,21621500.0,33.0,51,1087.5583333333334,428,125,139,43,8,61,8.392156862745098,2.450980392156863,2.7254901960784315,21.32467320261438,2
Naz Reid,MIN,21551724.0,23275862.0,25000000.0,26724138.0,28448276.0,0.0,96551724.0,26.0,77,2007.35,1046,477,170,76,78,126,13.584415584415584,6.194805194805195,2.207792207792208,26.069480519480518,5
Nikola Vučević,BOS,21481481.0,0.0,0.0,0.0,0.0,0.0,21481481.0,35.0,64,1818.1183333333333,965,537,213,39,41,85,15.078125,8.390625,3.328125,28.408098958333333,1
Dillon Brooks,PHO,21124110.0,19992727.0,0.0,0.0,0.0,0.0,41116837.0,30.0,56,1701.5833333333333,1131,203,99,57,9,98,20.196428571428573,3.625,1.7678571428571428,30.385416666666664,2
Cameron Johnson,DEN,21057065.0,23062500.0,0.0,0.0,0.0,0.0,44119565.0,30.0,54,1647.0316666666668,660,206,132,40,21,47,12.222222222222221,3.814814814814815,2.4444444444444446,30.500586419753088,2
Norman Powell,MIA,20482758.0,0.0,0.0,0.0,0.0,0.0,20482758.0,33.0,58,1716.9366666666667,1261,202,143,64,14,111,21.74137931034483,3.4827586206896552,2.4655172413793105,29.602356321839082,1
Jarrett Allen,CLE,20000000.0,28000000.0,30240000.0,32480000.0,0.0,0.0,110720000.0,28.0,56,1519.12,860,476,100,55,47,75,15.357142857142858,8.5,1.7857142857142858,27.127142857142854,4
Jakob Poeltl,TOR,19500000.0,19500000.0,27300000.0,29484000.0,27300000.0,0.0,95784000.0,30.0,46,1149.06,493,323,93,40,32,57,10.717391304347826,7.021739130434782,2.0217391304347827,24.979565217391304,5
Josh Hart,NYK,19472240.0,20923760.0,22375280.0,0.0,0.0,0.0,40396000.0,31.0,66,1993.575,792,486,317,75,17,128,12.0,7.363636363636363,4.803030303030303,30.20568181818182,3
Bradley Beal,PHO,24737010.0,25004710.0,19383010.0,19383010.0,19383010.0,0.0,96915050.0,33.0,6,120.91666666666667,49,5,10,3,0,9,8.166666666666666,0.8333333333333334,1.6666666666666667,20.15277777777778,5
Jusuf Nurkić,UTA,19375000.0,0.0,0.0,0.0,0.0,0.0,19375000.0,31.0,41,1083.0683333333334,447,425,196,52,22,101,10.902439024390244,10.365853658536585,4.780487804878049,26.41630081300813,1
Harrison Barnes,SAS,19000000.0,0.0,0.0,0.0,0.0,0.0,19000000.0,34.0,77,1986.475,765,213,148,50,12,61,9.935064935064934,2.7662337662337664,1.922077922077922,25.798376623376623,1
Collin Sexton,CHI,18975000.0,0.0,0.0,0.0,0.0,0.0,18975000.0,27.0,68,1613.2033333333334,1050,155,223,76,10,141,15.441176470588236,2.2794117647058822,3.2794117647058822,23.723578431372548,1
Ivica Zubac,IND,18893980.0,20342140.0,21790300.0,0.0,0.0,0.0,61026420.0,29.0,48,1446.6983333333333,677,509,105,18,40,86,14.104166666666666,10.604166666666666,2.1875,30.13954861111111,3
Malik Monk,SAC,18797619.0,20190035.0,21582451.0,0.0,0.0,0.0,38987654.0,28.0,62,1363.6433333333334,772,117,185,37,24,91,12.451612903225806,1.8870967741935485,2.9838709677419355,21.99424731182796,3
Santi Aldama,MEM,18485916.0,17007043.0,17007043.0,0.0,0.0,0.0,35492959.0,25.0,43,1198.0783333333334,602,287,126,37,31,55,14.0,6.674418604651163,2.9302325581395348,27.86228682170543,3
Rui Hachimura,LAL,18259259.0,0.0,0.0,0.0,0.0,0.0,18259259.0,28.0,68,1926.565,780,226,57,39,21,42,11.470588235294118,3.323529411764706,0.8382352941176471,28.331838235294118,1
Luguentz Dort,OKC,18222222.0,18222222.0,0.0,0.0,0.0,0.0,18222222.0,27.0,69,1848.7416666666666,576,245,85,62,27,54,8.347826086956522,3.550724637681159,1.2318840579710144,26.793357487922705,2
Alex Caruso,OKC,18102000.0,19550160.0,20998320.0,22446480.0,0.0,0.0,81096960.0,32.0,56,1020.3466666666667,348,155,110,72,17,48,6.214285714285714,2.767857142857143,1.9642857142857142,18.22047619047619,4
Andrew Nembhard,IND,18102000.0,19550160.0,20998320.0,0.0,0.0,0.0,58650480.0,26.0,57,1785.5933333333332,966,160,437,51,8,137,16.94736842105263,2.807017543859649,7.666666666666667,31.326198830409353,3
Zach Collins,CHI,18080496.0,0.0,0.0,0.0,0.0,0.0,18080496.0,28.0,10,183.73666666666668,97,56,15,2,4,10,9.7,5.6,1.5,18.37366666666667,1
Patrick Williams,CHI,18000000.0,18000000.0,18000000.0,18000000.0,0.0,0.0,54000000.0,24.0,72,1473.78,505,215,105,49,26,75,7.013888888888889,2.986111111111111,1.4583333333333333,20.469166666666666,4
Kevin Huerter,DET,17991071.0,0.0,0.0,0.0,0.0,0.0,17991071.0,27.0,69,1549.0766666666666,693,240,178,63,33,72,10.043478260869565,3.4782608695652173,2.579710144927536,22.45038647342995,1
Keldon Johnson,SAS,17500000.0,17500000.0,0.0,0.0,0.0,0.0,35000000.0,26.0,82,1911.4666666666667,1081,440,111,46,11,70,13.182926829268293,5.365853658536586,1.353658536585366,23.31056910569106,2
Grayson Allen,PHO,16875000.0,18125000.0,19375000.0,0.0,0.0,0.0,35000000.0,30.0,51,1467.2783333333334,841,155,195,69,13,83,16.49019607843137,3.0392156862745097,3.823529411764706,28.770163398692812,3
Duncan Robinson,DET,16834692.0,15992957.0,15151222.0,0.0,0.0,0.0,16834692.0,32.0,77,2113.1583333333333,939,205,159,44,22,54,12.194805194805195,2.6623376623376624,2.064935064935065,27.443614718614718,3
Klay Thompson,DAL,16666667.0,17460317.0,0.0,0.0,0.0,0.0,34126984.0,36.0,69,1496.83,810,143,96,33,22,63,11.73913043478261,2.072463768115942,1.391304347826087,21.693188405797102,2
Bogdan Bogdanović,LAC,16020000.0,16020000.0,0.0,0.0,0.0,0.0,16020000.0,33.0,23,452.06,171,59,51,10,3,27,7.434782608695652,2.5652173913043477,2.217391304347826,19.65478260869565,2
Max Strus,CLE,15936452.0,16660836.0,0.0,0.0,0.0,0.0,32597288.0,30.0,12,288.295,134,65,24,3,0,9,11.166666666666666,5.416666666666667,2.0,24.024583333333336,2
Terance Mann,BRK,15500000.0,15500000.0,16000000.0,0.0,0.0,0.0,47000000.0,29.0,63,1529.0166666666667,455,200,190,41,15,71,7.222222222222222,3.1746031746031744,3.015873015873016,24.27010582010582,3
Paolo Banchero,ORL,15334769.0,41500000.0,44820000.0,48140000.0,51460000.0,54780000.0,201254769.0,23.0,72,2501.685,1599,604,373,51,40,222,22.208333333333332,8.38888888888889,5.180555555555555,34.745625,6
Nickeil Alexander-Walker,ATL,15161800.0,14403710.0,15161800.0,15919890.0,0.0,0.0,44727310.0,27.0,78,2603.1766666666667,1624,268,286,102,42,162,20.82051282051282,3.4358974358974357,3.6666666666666665,33.37405982905983,4
Onyeka Okongwu,ATL,15000000.0,16120000.0,16880000.0,0.0,0.0,0.0,48000000.0,25.0,74,2296.9683333333332,1123,562,231,82,79,127,15.175675675675675,7.594594594594595,3.1216216216216215,31.04011261261261,3
Jonathan Isaac,ORL,15000000.0,14500000.0,14500000.0,15000000.0,0.0,0.0,44000000.0,28.0,52,520.8933333333333,134,132,22,20,31,18,2.576923076923077,2.5384615384615383,0.4230769230769231,10.017179487179487,4
Isaiah Stewart,DET,15000000.0,15000000.0,15000000.0,0.0,0.0,0.0,30000000.0,25.0,58,1317.135,581,290,66,16,93,67,10.017241379310345,5.0,1.1379310344827587,22.709224137931034,3
Marcus Smart,WAS,19920855.0,5390700.0,0.0,0.0,0.0,0.0,14786855.0,32.0,62,1768.9783333333332,579,172,185,87,23,92,9.338709677419354,2.774193548387097,2.9838709677419355,28.531908602150537,2
Daniel Gafford,DAL,14386320.0,17263584.0,18126763.0,18989942.0,0.0,0.0,68766609.0,27.0,55,1194.4383333333333,524,378,58,42,69,63,9.527272727272727,6.872727272727273,1.0545454545454545,21.717060606060606,4
Deni Avdija,POR,14375000.0,13125000.0,11875000.0,0.0,0.0,0.0,39375000.0,25.0,66,2199.385,1598,454,442,51,41,253,24.21212121212121,6.878787878787879,6.696969696969697,33.324015151515155,3
P.J. Washington,DAL,14152174.0,19813044.0,21398088.0,22983132.0,24568176.0,0.0,102914614.0,27.0,56,1735.62,793,394,98,55,60,94,14.160714285714286,7.035714285714286,1.75,30.993214285714284,5
Steven Adams,HOU,14130434.0,13000000.0,11869566.0,0.0,0.0,0.0,39000000.0,32.0,32,730.365,187,276,48,22,20,35,5.84375,8.625,1.5,22.82390625,3
Caris LeVert,DET,14104000.0,14809200.0,0.0,0.0,0.0,0.0,28913200.0,31.0,60,1154.415,443,117,159,51,41,82,7.383333333333334,1.95,2.65,19.24025,2
Obi Toppin,IND,14000000.0,15000000.0,16025000.0,0.0,0.0,0.0,45025000.0,28.0,24,423.725,279,106,55,12,1,28,11.625,4.416666666666667,2.2916666666666665,17.655208333333334,3
Corey Kispert,ATL,13975000.0,13975000.0,13050000.0,13050000.0,0.0,0.0,41000000.0,27.0,58,1079.6066666666666,532,132,92,16,9,45,9.172413793103448,2.2758620689655173,1.5862068965517242,18.61390804597701,4
Herbert Jones,NOP,13937574.0,14898786.0,20858300.0,22526964.0,24195628.0,0.0,72221624.0,27.0,56,1588.3816666666667,496,190,155,88,27,73,8.857142857142858,3.392857142857143,2.767857142857143,28.363958333333333,5
Austin Reaves,LAL,13937574.0,14898786.0,0.0,0.0,0.0,0.0,13937574.0,28.0,51,1761.65,1187,240,280,56,20,151,23.274509803921568,4.705882352941177,5.490196078431373,34.5421568627451,2
Cooper Flagg,DAL,13825920.0,14517480.0,15208680.0,19178146.0,0.0,0.0,28343400.0,19.0,70,2343.858333333333,1473,466,316,84,64,161,21.042857142857144,6.6571428571428575,4.514285714285714,33.483690476190475,4
Chet Holmgren,OKC,13731368.0,41500000.0,44820000.0,48140000.0,51460000.0,54780000.0,254431368.0,24.0,69,1997.2683333333334,1181,614,115,43,131,107,17.115942028985508,8.898550724637682,1.6666666666666667,28.945917874396137,6
Josh Green,CHO,13666667.0,14679012.0,0.0,0.0,0.0,0.0,28345679.0,25.0,58,907.9283333333333,249,102,47,35,6,35,4.293103448275862,1.7586206896551724,0.8103448275862069,15.653936781609195,2
Grant Williams,CHO,13645500.0,14265750.0,0.0,0.0,0.0,0.0,27911250.0,27.0,36,711.4533333333334,252,142,56,17,18,31,7.0,3.9444444444444446,1.5555555555555556,19.762592592592593,2
Bobby Portis,MIL,13445754.0,14521414.0,15597074.0,0.0,0.0,0.0,27967168.0,31.0,67,1619.3133333333333,915,428,105,41,12,66,13.656716417910447,6.388059701492537,1.5671641791044777,24.168855721393033,3
Kelly Olynyk,SAS,13445122.0,0.0,0.0,0.0,0.0,0.0,13445122.0,35.0,42,360.2133333333333,133,76,49,15,3,24,3.1666666666666665,1.8095238095238095,1.1666666666666667,8.576507936507936,1
Victor Wembanyama,SAS,13376880.0,16868246.0,0.0,0.0,0.0,0.0,30245126.0,22.0,64,1865.6483333333333,1600,736,199,66,197,155,25.0,11.5,3.109375,29.150755208333333,2
Zaccharie Risacher,ATL,13197720.0,13826040.0,17434637.0,0.0,0.0,0.0,27023760.0,21.0,67,1503.2533333333333,641,257,76,59,36,58,9.567164179104477,3.8358208955223883,1.1343283582089552,22.436616915422885,3
Mitchell Robinson,NYK,12954546.0,0.0,0.0,0.0,0.0,0.0,12954546.0,28.0,60,1174.5016666666668,340,525,52,56,70,41,5.666666666666667,8.75,0.8666666666666667,19.57502777777778,1
Coby White,CHO,12888889.0,0.0,0.0,0.0,0.0,0.0,12888889.0,26.0,50,1249.7883333333334,868,170,200,25,5,128,17.36,3.4,4.0,24.99576666666667,1
Dorian Finney-Smith,HOU,12700000.0,13335000.0,13335000.0,13335000.0,0.0,0.0,39370000.0,33.0,37,620.3116666666666,123,93,36,16,6,22,3.324324324324324,2.5135135135135136,0.972972972972973,16.765180180180177,4
Brandon Clarke,MEM,12500000.0,12500000.0,0.0,0.0,0.0,0.0,25000000.0,29.0,2,20.438333333333333,8,6,1,2,0,0,4.0,3.0,0.5,10.219166666666666,2
Dylan Harper,SAS,12370320.0,12989040.0,13607760.0,17172994.0,0.0,0.0,25359360.0,20.0,69,1557.9566666666667,813,234,266,54,24,99,11.782608695652174,3.391304347826087,3.8550724637681157,22.579082125603865,4
Isaiah Joe,OKC,12362338.0,11323006.0,11323006.0,0.0,0.0,0.0,23685344.0,26.0,71,1507.445,785,181,94,50,11,45,11.056338028169014,2.5492957746478875,1.323943661971831,21.231619718309858,3
Jabari Smith Jr.,HOU,12350392.0,23643411.0,21751940.0,23643411.0,25534883.0,27426355.0,134350392.0,23.0,77,2705.365,1215,529,143,56,71,105,15.779220779220779,6.87012987012987,1.8571428571428572,35.13461038961039,6
Donte DiVincenzo,MIN,11990000.0,12535000.0,0.0,0.0,0.0,0.0,24525000.0,29.0,82,2494.036666666667,1000,336,313,104,34,118,12.195121951219512,4.097560975609756,3.817073170731707,30.41508130081301,2
Brandon Miller,CHO,11968800.0,15104626.0,0.0,0.0,0.0,0.0,27073426.0,23.0,65,1968.3116666666667,1311,319,217,66,44,163,20.16923076923077,4.907692307692308,3.3384615384615386,30.28171794871795,2
Alex Sarr,WAS,11808240.0,12370680.0,15611798.0,0.0,0.0,0.0,24178920.0,21.0,48,1304.6616666666666,783,355,130,39,95,82,16.3125,7.395833333333333,2.7083333333333335,27.180451388888887,3
Davion Mitchell,MIA,11600000.0,12400000.0,0.0,0.0,0.0,0.0,24000000.0,27.0,70,2000.255,654,187,453,68,11,108,9.342857142857143,2.6714285714285713,6.4714285714285715,28.57507142857143,2
Moses Moody,GSW,11574075.0,12500000.0,13425925.0,0.0,0.0,0.0,37500000.0,24.0,60,1539.8983333333333,728,200,98,58,34,57,12.133333333333333,3.3333333333333335,1.6333333333333333,25.66497222222222,3
Jarred Vanderbilt,LAL,11571429.0,12428571.0,13285714.0,0.0,0.0,0.0,24000000.0,27.0,65,1127.7416666666666,288,292,84,55,19,56,4.430769230769231,4.492307692307692,1.2923076923076924,17.34987179487179,3
Matisse Thybulle,POR,11550000.0,0.0,0.0,0.0,0.0,0.0,11550000.0,29.0,30,479.65,174,59,27,60,16,28,5.8,1.9666666666666666,0.9,15.988333333333333,1
Gabe Vincent,ATL,11500000.0,0.0,0.0,0.0,0.0,0.0,11500000.0,30.0,53,879.0783333333334,231,54,76,27,3,27,4.3584905660377355,1.0188679245283019,1.4339622641509433,16.586383647798744,1
Keegan Murray,SAC,11144093.0,24137936.0,26068965.0,27999999.0,29931033.0,31862067.0,151144093.0,25.0,23,793.0966666666667,321,132,38,24,36,27,13.956521739130435,5.739130434782608,1.6521739130434783,34.48246376811594,6
VJ Edgecombe,PHI,11108880.0,11663880.0,12219720.0,15445727.0,0.0,0.0,22772760.0,20.0,75,2623.305,1199,423,315,107,39,137,15.986666666666666,5.64,4.2,34.977399999999996,4
Aaron Nesmith,IND,11000000.0,11000000.0,19418000.0,20971440.0,0.0,0.0,62389440.0,26.0,45,1334.95,621,187,86,26,23,63,13.8,4.155555555555556,1.9111111111111112,29.665555555555557,4
Luke Kornet,SAS,11000000.0,10450000.0,9900000.0,9350000.0,0.0,0.0,24000000.0,30.0,68,1430.08,444,414,126,32,65,28,6.529411764705882,6.088235294117647,1.8529411764705883,21.03058823529412,4
Isaac Okoro,CHI,11000000.0,11814814.0,0.0,0.0,0.0,0.0,22814814.0,25.0,63,1694.89,584,173,100,46,29,46,9.26984126984127,2.746031746031746,1.5873015873015872,26.903015873015875,2
Luke Kennard,LAL,11000000.0,0.0,0.0,0.0,0.0,0.0,11000000.0,30.0,78,1680.4766666666667,652,182,174,55,8,60,8.35897435897436,2.3333333333333335,2.230769230769231,21.54457264957265,1
Maxi Kleber,LAL,11000000.0,0.0,0.0,0.0,0.0,0.0,11000000.0,34.0,43,461.01,86,84,27,18,11,17,2.0,1.9534883720930232,0.627906976744186,10.721162790697674,1
Wendell Carter Jr.,ORL,10850000.0,18102000.0,19550160.0,20998320.0,0.0,0.0,48502160.0,27.0,78,2288.3516666666665,922,577,154,60,49,100,11.820512820512821,7.397435897435898,1.9743589743589745,29.337841880341877,4
Mike Conley,CHO,11499872.0,0.0,0.0,0.0,0.0,0.0,10774038.0,38.0,54,991.2983333333333,245,93,157,35,14,34,4.537037037037037,1.7222222222222223,2.9074074074074074,18.357376543209877,1
Scoot Henderson,POR,10748040.0,13585523.0,0.0,0.0,0.0,0.0,24333563.0,22.0,30,747.83,427,80,112,27,9,73,14.233333333333333,2.6666666666666665,3.7333333333333334,24.927666666666667,2
Jordan Clarkson,UTA,12947835.0,0.0,0.0,0.0,0.0,0.0,10651561.0,34.0,72,1279.4616666666666,622,127,96,30,9,63,8.63888888888889,1.7638888888888888,1.3333333333333333,17.770300925925923,1
Reed Sheppard,HOU,10603560.0,11108880.0,14041625.0,0.0,0.0,0.0,21712440.0,22.0,82,2146.923333333333,1110,238,277,122,54,123,13.536585365853659,2.902439024390244,3.3780487804878048,26.181991869918697,3
Jonas Valančiūnas,DEN,10395000.0,10000000.0,0.0,0.0,0.0,0.0,10395000.0,34.0,65,871.065,567,329,78,14,37,73,8.723076923076922,5.061538461538461,1.2,13.401000000000002,2
T.J. McConnell,IND,10200000.0,11000000.0,11800000.0,11800000.0,0.0,0.0,33000000.0,34.0,56,962.505,525,124,287,56,10,64,9.375,2.2142857142857144,5.125,17.187589285714285,4
Royce O'Neale,PHO,10125000.0,10875000.0,11625000.0,0.0,0.0,0.0,32625000.0,33.0,78,2213.0533333333333,765,372,208,84,32,103,9.807692307692308,4.769230769230769,2.6666666666666665,28.372478632478632,3
Jaden Ivey,CHI,10107163.0,0.0,0.0,0.0,0.0,0.0,10107163.0,24.0,37,670.255,316,91,68,23,14,41,8.54054054054054,2.4594594594594597,1.837837837837838,18.115,1
Aaron Wiggins,OKC,10102803.0,9224300.0,8345797.0,8345797.0,0.0,0.0,27672900.0,27.0,65,1413.98,611,199,109,60,28,81,9.4,3.0615384615384613,1.676923076923077,21.75353846153846,4
Sam Hauser,BOS,10044644.0,10848215.0,11651785.0,12455356.0,0.0,0.0,45000000.0,28.0,78,1934.15,719,300,114,38,23,35,9.217948717948717,3.8461538461538463,1.4615384615384615,24.796794871794873,4
Kon Knueppel,CHO,10015680.0,10516560.0,11017560.0,13937214.0,0.0,0.0,20532240.0,20.0,81,2550.7466666666664,1498,432,274,57,19,161,18.493827160493826,5.333333333333333,3.382716049382716,31.490699588477362,4
Derrick Jones Jr.,LAC,10000000.0,10476190.0,0.0,0.0,0.0,0.0,20476190.0,29.0,50,1349.5083333333334,504,173,69,45,50,40,10.08,3.46,1.38,26.990166666666667,2
Lonzo Ball,UTA,10000000.0,0.0,0.0,0.0,0.0,0.0,10000000.0,28.0,35,727.7433333333333,160,140,136,45,9,52,4.571428571428571,4.0,3.8857142857142857,20.792666666666666,1
Amen Thompson,HOU,9690600.0,12258609.0,0.0,0.0,0.0,0.0,21949209.0,23.0,79,2953.15,1443,614,420,119,48,190,18.265822784810126,7.772151898734177,5.3164556962025316,37.381645569620254,2
Caleb Martin,DAL,9594044.0,10001493.0,9371351.0,0.0,0.0,0.0,19595537.0,30.0,58,856.2116666666667,227,143,81,40,15,40,3.913793103448276,2.4655172413793105,1.396551724137931,14.76227011494253,3
Stephon Castle,SAS,9560520.0,10015920.0,12670139.0,0.0,0.0,0.0,19576440.0,21.0,68,2037.7433333333333,1133,362,502,78,19,217,16.66176470588235,5.323529411764706,7.382352941176471,29.966813725490198,3
Pat Connaughton,CHO,10739683.0,3815861.0,0.0,0.0,0.0,0.0,10739683.0,33.0,42,296.5183333333333,110,61,18,11,1,11,2.619047619047619,1.4523809523809523,0.42857142857142855,7.059960317460317,2
Buddy Hield,ATL,9219512.0,9658536.0,10097560.0,0.0,0.0,0.0,18878048.0,33.0,51,819.2716666666666,390,116,71,39,9,48,7.647058823529412,2.2745098039215685,1.392156862745098,16.064150326797385,3
Kyle Anderson,MEM,9219512.0,0.0,0.0,0.0,0.0,0.0,9219512.0,32.0,43,853.2366666666667,266,150,126,45,26,39,6.186046511627907,3.488372093023256,2.9302325581395348,19.842713178294574,1
Bennedict Mathurin,LAC,9187573.0,0.0,0.0,0.0,0.0,0.0,9187573.0,24.0,54,1620.015,949,293,129,43,13,118,17.574074074074073,5.425925925925926,2.388888888888889,30.00027777777778,1
Ace Bailey,UTA,9069840.0,9523080.0,9976560.0,12640302.0,0.0,0.0,18592920.0,19.0,72,1987.6433333333334,993,302,131,60,49,107,13.791666666666666,4.194444444444445,1.8194444444444444,27.60615740740741,4
Naji Marshall,DAL,9000000.0,9428571.0,0.0,0.0,0.0,0.0,18428571.0,28.0,74,2183.74,1128,348,241,82,6,119,15.243243243243244,4.702702702702703,3.2567567567567566,29.509999999999998,2
Jalen Smith,CHI,9000000.0,9428571.0,0.0,0.0,0.0,0.0,18428571.0,26.0,53,1095.3883333333333,541,355,65,24,42,53,10.20754716981132,6.69811320754717,1.2264150943396226,20.667704402515724,2
Ty Jerome,MEM,8781000.0,9220050.0,9659100.0,0.0,0.0,0.0,18001050.0,28.0,15,338.68833333333333,295,42,85,16,4,27,19.666666666666668,2.8,5.666666666666667,22.57922222222222,3
Ausar Thompson,DET,8775000.0,11117925.0,0.0,0.0,0.0,0.0,19892925.0,23.0,73,1895.61,721,418,228,146,69,110,9.876712328767123,5.726027397260274,3.1232876712328768,25.967260273972602,2
Brook Lopez,LAC,8750000.0,9187500.0,0.0,0.0,0.0,0.0,8750000.0,38.0,75,1635.2733333333333,634,273,97,45,87,61,8.453333333333333,3.64,1.2933333333333332,21.803644444444444,2
Quentin Grimes,PHI,8741209.0,0.0,0.0,0.0,0.0,0.0,8741209.0,26.0,75,2205.721666666667,1006,273,244,64,28,133,13.413333333333334,3.64,3.2533333333333334,29.409622222222225,1
Sam Merrill,CLE,8482144.0,9160715.0,9839285.0,10517856.0,0.0,0.0,38000000.0,30.0,52,1377.0733333333333,663,133,125,33,7,42,12.75,2.5576923076923075,2.4038461538461537,26.482179487179486,4
Jaylin Williams,OKC,8450704.0,7774648.0,7774648.0,0.0,0.0,0.0,16225352.0,24.0,65,1277.375,469,358,158,31,42,67,7.2153846153846155,5.507692307692308,2.4307692307692306,19.651923076923076,3
Shaedon Sharpe,POR,8399983.0,20089287.0,21696429.0,23303571.0,24910713.0,0.0,98399983.0,23.0,50,1471.3016666666667,1042,217,132,70,6,147,20.84,4.34,2.64,29.426033333333336,5
Kelly Oubre Jr.,PHI,8382150.0,0.0,0.0,0.0,0.0,0.0,8382150.0,30.0,50,1574.3116666666667,705,252,80,68,24,69,14.1,5.04,1.6,31.486233333333335,1
Goga Bitadze,ORL,8333333.0,7608696.0,0.0,0.0,0.0,0.0,15942029.0,26.0,64,972.0066666666667,375,320,84,37,61,43,5.859375,5.0,1.3125,15.187604166666667,2
Simone Fontecchio,MIA,8307692.0,0.0,0.0,0.0,0.0,0.0,8307692.0,30.0,70,1172.47,597,211,101,37,9,49,8.528571428571428,3.0142857142857142,1.4428571428571428,16.74957142857143,1
Tre Johnson,WAS,8237640.0,8649600.0,9061680.0,11490211.0,0.0,0.0,16887240.0,20.0,60,1442.8166666666666,733,170,122,33,18,93,12.216666666666667,2.8333333333333335,2.033333333333333,24.046944444444442,4
Zeke Nnaji,DEN,8177778.0,7466667.0,7466667.0,0.0,0.0,0.0,15644445.0,25.0,52,625.9883333333333,190,136,29,17,24,27,3.6538461538461537,2.6153846153846154,0.5576923076923077,12.03823717948718,3
Deandre Ayton,LAL,33654814.0,8104000.0,0.0,0.0,0.0,0.0,8104000.0,27.0,72,1958.385,897,575,59,41,70,83,12.458333333333334,7.986111111111111,0.8194444444444444,27.199791666666666,2
Tre Mann,CHO,8000000.0,8000000.0,8000000.0,0.0,0.0,0.0,16000000.0,25.0,53,668.4583333333334,291,92,86,25,5,54,5.490566037735849,1.7358490566037736,1.6226415094339623,12.6124213836478,3
Tre Jones,CHI,8000000.0,8000000.0,8000000.0,0.0,0.0,0.0,16000000.0,26.0,65,1752.3733333333332,914,204,350,76,11,92,14.061538461538461,3.1384615384615384,5.384615384615385,26.959589743589742,3
Kevon Looney,NOP,8000000.0,8000000.0,0.0,0.0,0.0,0.0,8000000.0,30.0,21,307.4866666666667,59,118,34,9,10,9,2.8095238095238093,5.619047619047619,1.619047619047619,14.642222222222223,2
Anthony Black,ORL,7970280.0,10106316.0,0.0,0.0,0.0,0.0,18076596.0,22.0,64,1910.05,959,244,236,91,45,132,14.984375,3.8125,3.6875,29.84453125,2
Tidjane Salaün,CHO,7863240.0,8237880.0,10445633.0,0.0,0.0,0.0,16101120.0,20.0,37,575.38,222,149,27,16,7,26,6.0,4.027027027027027,0.7297297297297297,15.55081081081081,3
Max Christie,DAL,7714286.0,8285714.0,8857143.0,0.0,0.0,0.0,16000000.0,23.0,77,2244.48,945,249,151,47,27,96,12.272727272727273,3.2337662337662336,1.9610389610389611,29.14909090909091,3
Dyson Daniels,ATL,7707709.0,25000000.0,25000000.0,25000000.0,25000000.0,0.0,107707709.0,23.0,76,2519.54,901,520,449,149,31,135,11.855263157894736,6.842105263157895,5.907894736842105,33.15184210526316,5
Isaiah Jackson,LAC,7600000.0,7000000.0,6400000.0,0.0,0.0,0.0,21000000.0,24.0,55,908.3116666666666,370,290,52,36,49,58,6.7272727272727275,5.2727272727272725,0.9454545454545454,16.514757575757574,3
Jeremiah Fears,NOP,7520040.0,7896240.0,8271960.0,10505389.0,0.0,0.0,15416280.0,19.0,82,2111.903333333333,1169,300,279,97,30,178,14.25609756097561,3.658536585365854,3.402439024390244,25.75491869918699,4
Ayo Dosunmu,MIN,7518518.0,0.0,0.0,0.0,0.0,0.0,7518518.0,26.0,69,1881.0433333333333,1022,237,249,58,18,96,14.81159420289855,3.4347826086956523,3.608695652173913,27.26149758454106,1
Bilal Coulibaly,WAS,7275600.0,9240012.0,0.0,0.0,0.0,0.0,16515612.0,21.0,56,1467.605,657,243,145,75,54,81,11.732142857142858,4.339285714285714,2.5892857142857144,26.207232142857144,2
Payton Pritchard,BOS,7232143.0,7767857.0,8303571.0,0.0,0.0,0.0,23303571.0,28.0,79,2555.5233333333335,1345,312,408,58,10,109,17.025316455696203,3.949367088607595,5.1645569620253164,32.34839662447258,3
Donovan Clingan,POR,7178400.0,7519920.0,9550298.0,0.0,0.0,0.0,14698320.0,22.0,77,2093.6366666666668,934,892,162,44,130,95,12.12987012987013,11.584415584415584,2.103896103896104,27.190086580086582,3
Kenrich Williams,OKC,7163000.0,7163000.0,0.0,0.0,0.0,0.0,7163000.0,31.0,56,855.1633333333333,363,187,79,31,5,43,6.482142857142857,3.3392857142857144,1.4107142857142858,15.270773809523808,2
Jeremy Sochan,SAS,7874853.0,0.0,0.0,0.0,0.0,0.0,7096231.0,23.0,44,468.5516666666667,158,107,40,17,7,21,3.590909090909091,2.4318181818181817,0.9090909090909091,10.648901515151515,1
Tyus Jones,DAL,7000000.0,0.0,0.0,0.0,0.0,0.0,7000000.0,30.0,67,978.5783333333334,199,76,159,37,3,25,2.970149253731343,1.1343283582089552,2.373134328358209,14.605646766169155,1
Egor Dëmin,BRK,6889200.0,7233720.0,7578240.0,9639522.0,0.0,0.0,14122920.0,20.0,52,1308.2083333333333,536,165,173,42,17,86,10.307692307692308,3.173076923076923,3.326923076923077,25.157852564102562,4
Jevon Carter,CHI,7680524.0,0.0,0.0,0.0,0.0,0.0,6809524.0,30.0,53,867.4416666666667,339,89,87,40,10,36,6.39622641509434,1.679245283018868,1.6415094339622642,16.36682389937107,1
Clint Capela,HOU,6700000.0,7035000.0,7370000.0,0.0,0.0,0.0,21105000.0,32.0,75,925.6616666666666,282,345,50,36,63,41,3.76,4.6,0.6666666666666666,12.342155555555555,3
Ousmane Dieng,MIL,6670882.0,0.0,0.0,0.0,0.0,0.0,6670882.0,23.0,57,1099.4716666666666,431,180,136,25,17,75,7.56140350877193,3.1578947368421053,2.3859649122807016,19.288976608187134,1
Jarace Walker,IND,6665520.0,8478542.0,0.0,0.0,0.0,0.0,15144062.0,22.0,76,1953.3833333333334,884,391,192,63,26,139,11.631578947368421,5.144736842105263,2.526315789473684,25.702412280701754,2
Dean Wade,CLE,6623456.0,0.0,0.0,0.0,0.0,0.0,0.0,29.0,59,1317.6833333333334,342,247,88,44,23,16,5.796610169491525,4.186440677966102,1.4915254237288136,22.33361581920904,1
Jalen Williams,OKC,6580997.0,41500000.0,44820000.0,48140000.0,51460000.0,54780000.0,247280997.0,25.0,33,935.9633333333334,563,153,181,39,9,63,17.060606060606062,4.636363636363637,5.484848484848484,28.362525252525252,6
Rob Dillingham,CHI,6576120.0,6889320.0,8763216.0,0.0,0.0,0.0,13465440.0,21.0,65,969.9533333333334,409,131,143,47,6,100,6.292307692307692,2.0153846153846153,2.2,14.922358974358975,3
Jalen Duren,DET,6483144.0,0.0,0.0,0.0,0.0,0.0,6483144.0,22.0,70,1975.8533333333332,1365,737,138,57,59,130,19.5,10.528571428571428,1.9714285714285715,28.226476190476188,1
Ochai Agbaji,BRK,6383525.0,0.0,0.0,0.0,0.0,0.0,6383525.0,26.0,62,973.2033333333334,314,141,47,24,17,31,5.064516129032258,2.274193548387097,0.7580645161290323,15.696827956989248,1
Collin Murray-Boyles,TOR,6332520.0,6649560.0,6966000.0,8874684.0,0.0,0.0,12982080.0,21.0,57,1245.6,484,285,106,52,53,59,8.491228070175438,5.0,1.8596491228070176,21.852631578947367,4
Mark Williams,PHO,6276531.0,0.0,0.0,0.0,0.0,0.0,6276531.0,24.0,60,1416.05,700,477,58,55,55,65,11.666666666666666,7.95,0.9666666666666667,23.600833333333334,1
Day'Ron Sharpe,BRK,6250000.0,6250000.0,0.0,0.0,0.0,0.0,6250000.0,24.0,62,1159.915,540,413,145,67,26,106,8.709677419354838,6.661290322580645,2.338709677419355,18.708306451612902,2
Ziaire Williams,BRK,6250000.0,6250000.0,0.0,0.0,0.0,0.0,6250000.0,24.0,56,1281.2666666666667,573,134,60,76,21,59,10.232142857142858,2.392857142857143,1.0714285714285714,22.879761904761903,2
John Konchar,UTA,6165000.0,6165000.0,0.0,0.0,0.0,0.0,12330000.0,30.0,56,1114.6766666666667,248,240,118,83,38,35,4.428571428571429,4.285714285714286,2.107142857142857,19.90494047619048,2
Taylor Hendricks,MEM,6127080.0,7805900.0,0.0,0.0,0.0,0.0,13932980.0,22.0,59,1118.465,438,221,55,50,30,50,7.423728813559322,3.7457627118644066,0.9322033898305084,18.957033898305085,2
Saddiq Bey,NOP,6118644.0,6440678.0,0.0,0.0,0.0,0.0,12559322.0,27.0,72,2245.575,1271,400,182,68,7,68,17.65277777777778,5.555555555555555,2.5277777777777777,31.188541666666666,2
Zach Edey,MEM,6045000.0,6332760.0,8067937.0,0.0,0.0,0.0,12377760.0,24.0,11,283.8516666666667,150,122,12,7,21,26,13.636363636363637,11.090909090909092,1.0909090909090908,25.804696969696973,3
Khaman Maluach,PHO,6016080.0,6316680.0,6617160.0,8436880.0,0.0,0.0,12332760.0,19.0,46,411.025,139,133,6,5,33,25,3.0217391304347827,2.891304347826087,0.13043478260869565,8.935326086956522,4
Jaden Hardy,WAS,6000000.0,6000000.0,6000000.0,0.0,0.0,0.0,12000000.0,23.0,57,898.0966666666667,523,86,58,16,6,62,9.175438596491228,1.5087719298245614,1.0175438596491229,15.75608187134503,3
Jake LaRavia,LAL,6000000.0,6000000.0,0.0,0.0,0.0,0.0,12000000.0,24.0,82,2061.47,674,326,145,104,38,87,8.21951219512195,3.975609756097561,1.7682926829268293,25.139878048780485,2
Cam Thomas,BRK,6837779.0,0.0,0.0,0.0,0.0,0.0,5993172.0,24.0,42,880.5266666666666,567,71,108,9,4,74,13.5,1.6904761904761905,2.5714285714285716,20.964920634920635,1
Cason Wallace,OKC,5820240.0,7420806.0,0.0,0.0,0.0,0.0,13241046.0,22.0,77,2046.07,660,238,200,150,28,73,8.571428571428571,3.090909090909091,2.5974025974025974,26.572337662337663,2
Cody Williams,UTA,5742480.0,6015600.0,7669890.0,0.0,0.0,0.0,11758080.0,21.0,67,1630.5416666666667,588,198,137,51,26,73,8.776119402985074,2.955223880597015,2.044776119402985,24.336442786069654,3
Cedric Coward,MEM,5715120.0,6001080.0,6286920.0,8342743.0,0.0,0.0,11716200.0,22.0,62,1597.9466666666667,843,364,171,40,27,105,13.596774193548388,5.870967741935484,2.7580645161290325,25.773333333333333,4
D'Angelo Russell,WAS,5685000.0,5969250.0,0.0,0.0,0.0,0.0,5685000.0,30.0,26,494.775,264,61,104,12,2,49,10.153846153846153,2.3461538461538463,4.0,19.029807692307692,2
Al Horford,GSW,5685000.0,5969250.0,0.0,0.0,0.0,0.0,5685000.0,40.0,45,969.185,372,219,116,30,51,42,8.266666666666667,4.866666666666666,2.577777777777778,21.537444444444443,2
Tari Eason,HOU,5675766.0,0.0,0.0,0.0,0.0,0.0,5675766.0,25.0,60,1549.105,627,376,90,72,28,81,10.45,6.266666666666667,1.5,25.818416666666668,1
Haywood Highsmith,BRK,6443984.0,3018158.0,0.0,0.0,0.0,0.0,5616000.0,29.0,7,90.79,38,13,7,4,0,0,5.428571428571429,1.8571428571428572,1.0,12.97,2
Nicolas Batum,LAC,5601600.0,5881680.0,0.0,0.0,0.0,0.0,5601600.0,37.0,74,1294.595,293,184,64,47,23,37,3.9594594594594597,2.4864864864864864,0.8648648648648649,17.494527027027026,2
Jett Howard,ORL,5529720.0,7337939.0,0.0,0.0,0.0,0.0,5529720.0,22.0,55,695.32,301,87,45,10,11,15,5.472727272727273,1.5818181818181818,0.8181818181818182,12.64218181818182,2
Guerschon Yabusele,CHI,5500000.0,0.0,0.0,0.0,0.0,0.0,5500000.0,30.0,67,1007.0566666666666,373,234,63,26,16,41,5.567164179104478,3.4925373134328357,0.9402985074626866,15.030696517412935,1
Matas Buzelis,CHI,5455560.0,5715360.0,7584283.0,0.0,0.0,0.0,11170920.0,21.0,77,2248.2483333333334,1252,448,158,55,116,159,16.25974025974026,5.818181818181818,2.051948051948052,29.198030303030304,3
Noa Essengue,CHI,5429520.0,5701200.0,5972760.0,8230464.0,0.0,0.0,11130720.0,19.0,2,6.033333333333333,0,0,0,1,0,0,0.0,0.0,0.0,3.0166666666666666,4
Kris Dunn,LAC,5426400.0,5684800.0,0.0,0.0,0.0,0.0,5426400.0,32.0,82,2230.0,596,271,295,131,14,111,7.2682926829268295,3.3048780487804876,3.597560975609756,27.195121951219512,2
Dario Saric,DET,5426400.0,0.0,0.0,0.0,0.0,0.0,5426400.0,32.0,5,41.248333333333335,5,6,2,0,0,2,1.0,1.2,0.4,8.249666666666666,1
Dalen Terry,NOP,5399118.0,0.0,0.0,0.0,0.0,0.0,5399118.0,23.0,48,551.0266666666666,176,86,66,29,15,26,3.6666666666666665,1.7916666666666667,1.375,11.479722222222222,1
Bradley Beal,LAC,24737010.0,25004710.0,19383010.0,19383010.0,19383010.0,0.0,5354000.0,33.0,6,120.91666666666667,49,5,10,3,0,9,8.166666666666666,0.8333333333333334,1.6666666666666667,20.15277777777778,5
Paul Reed,DET,5335894.0,5602689.0,0.0,0.0,0.0,0.0,5335894.0,27.0,65,900.6283333333333,504,294,80,57,60,58,7.753846153846154,4.523076923076923,1.2307692307692308,13.855820512820513,2
Dereck Lively II,DAL,5253360.0,7239131.0,0.0,0.0,0.0,0.0,12492491.0,22.0,7,115.27333333333333,30,37,13,4,11,10,4.285714285714286,5.285714285714286,1.8571428571428572,16.467619047619046,2
Nikola Topić,OKC,5182920.0,5429760.0,7482210.0,0.0,0.0,0.0,10612680.0,20.0,10,160.08333333333334,52,19,44,5,0,25,5.2,1.9,4.4,16.008333333333333,3
Derik Queen,NOP,5157960.0,5416080.0,5673840.0,8107918.0,0.0,0.0,10574040.0,21.0,81,2023.38,948,572,298,84,74,190,11.703703703703704,7.061728395061729,3.6790123456790123,24.98,4
Kevin Porter Jr.,MIL,5134000.0,5390700.0,0.0,0.0,0.0,0.0,5134000.0,26.0,38,1261.015,661,198,280,83,19,110,17.394736842105264,5.2105263157894735,7.368421052631579,33.1846052631579,2
Marcus Smart,LAL,19920855.0,5390700.0,0.0,0.0,0.0,0.0,5134000.0,32.0,62,1768.9783333333332,579,172,185,87,23,92,9.338709677419354,2.774193548387097,2.9838709677419355,28.531908602150537,2
Andre Drummond,PHI,5000000.0,0.0,0.0,0.0,0.0,0.0,5000000.0,32.0,63,1230.7483333333332,403,532,80,38,49,61,6.396825396825397,8.444444444444445,1.2698412698412698,19.535687830687827,1
Moritz Wagner,ORL,5000000.0,0.0,0.0,0.0,0.0,0.0,5000000.0,29.0,36,426.595,247,115,27,15,2,19,6.861111111111111,3.1944444444444446,0.75,11.849861111111112,1
Nick Richards,CHI,5000000.0,0.0,0.0,0.0,0.0,0.0,0.0,28.0,48,700.71,276,243,16,10,32,59,5.75,5.0625,0.3333333333333333,14.598125000000001,1
Gradey Dick,TOR,4990560.0,7131511.0,0.0,0.0,0.0,0.0,12122071.0,22.0,76,1066.6883333333333,455,147,51,45,7,42,5.9868421052631575,1.9342105263157894,0.6710526315789473,14.035372807017543,2
Malaki Branham,CHO,4962033.0,0.0,0.0,0.0,0.0,0.0,4962033.0,23.0,28,275.47833333333335,128,44,23,10,3,15,4.571428571428571,1.5714285714285714,0.8214285714285714,9.838511904761905,1
Devin Carter,SAC,4923720.0,5158080.0,7370897.0,0.0,0.0,0.0,10081800.0,24.0,38,699.8683333333333,339,125,101,34,9,54,8.921052631578947,3.289473684210526,2.6578947368421053,18.417587719298247,3
Christian Braun,DEN,4921797.0,21551726.0,23275863.0,25000000.0,26724137.0,28448274.0,129921797.0,25.0,44,1399.1383333333333,526,211,120,30,12,43,11.954545454545455,4.795454545454546,2.727272727272727,31.798598484848483,6
Carter Bryant,SAS,4900320.0,5145360.0,5390640.0,7983539.0,0.0,0.0,10045680.0,20.0,71,817.865,298,178,47,16,23,33,4.197183098591549,2.507042253521127,0.6619718309859155,11.519225352112676,4
Walker Kessler,UTA,4878938.0,0.0,0.0,0.0,0.0,0.0,4878938.0,24.0,5,153.98,72,54,15,7,9,16,14.4,10.8,3.0,30.796,1
Jordan Hawkins,NOP,4741320.0,7021895.0,0.0,0.0,0.0,0.0,11763215.0,24.0,51,691.975,258,88,42,13,10,34,5.0588235294117645,1.7254901960784315,0.8235294117647058,13.568137254901961,2
Bub Carrington,WAS,4677600.0,4900560.0,7257730.0,0.0,0.0,0.0,9578160.0,20.0,82,2270.65,878,276,381,52,17,191,10.707317073170731,3.3658536585365852,4.646341463414634,27.690853658536586,3
Jose Alvarado,NYK,4500000.0,4500000.0,0.0,0.0,0.0,0.0,4500000.0,28.0,69,1370.2366666666667,510,171,234,66,8,77,7.391304347826087,2.4782608695652173,3.391304347826087,19.858502415458936,2
Nikola Jović,MIA,4445417.0,16200000.0,14904000.0,15096000.0,16200000.0,0.0,66845417.0,23.0,47,808.0183333333333,344,153,102,26,17,65,7.319148936170213,3.25531914893617,2.1702127659574466,17.191879432624113,5
Kel'el Ware,MIA,4443360.0,4654920.0,7135992.0,0.0,0.0,0.0,9098280.0,22.0,77,1703.8216666666667,851,694,56,59,84,62,11.051948051948052,9.012987012987013,0.7272727272727273,22.12755411255411,3
Yang Hansen,POR,4422360.0,4643520.0,4864920.0,7462788.0,0.0,0.0,9065880.0,21.0,43,299.8933333333333,95,66,22,3,10,32,2.2093023255813953,1.5348837209302326,0.5116279069767442,6.974263565891473,4
Peyton Watson,DEN,4356476.0,0.0,0.0,0.0,0.0,0.0,4356476.0,23.0,54,1597.7583333333334,789,264,111,50,61,93,14.61111111111111,4.888888888888889,2.0555555555555554,29.58811728395062,1
Miles McBride,NYK,4333333.0,3956523.0,0.0,0.0,0.0,0.0,8289856.0,25.0,41,1080.035,491,100,106,35,9,33,11.975609756097562,2.4390243902439024,2.5853658536585367,26.342317073170733,2
Keyonte George,UTA,4278960.0,6563925.0,0.0,0.0,0.0,0.0,10842885.0,22.0,54,1786.1083333333333,1275,199,332,58,14,166,23.61111111111111,3.685185185185185,6.148148148148148,33.076080246913584,2
Jared McCain,OKC,4221360.0,4422600.0,6784268.0,0.0,0.0,0.0,8643960.0,22.0,67,1159.6666666666667,558,137,90,35,5,56,8.328358208955224,2.044776119402985,1.3432835820895523,17.308457711442788,3
Joan Beringer,MIN,4201080.0,4411200.0,4621200.0,7098163.0,0.0,0.0,8612280.0,19.0,40,314.13166666666666,156,92,12,7,26,11,3.9,2.3,0.3,7.853291666666666,4
Kevin Love,UTA,4150000.0,0.0,0.0,0.0,0.0,0.0,4150000.0,37.0,37,612.8,248,215,67,14,9,30,6.702702702702703,5.8108108108108105,1.8108108108108107,16.56216216216216,1
Dalton Knecht,LAL,4010160.0,4201080.0,6452860.0,0.0,0.0,0.0,8211240.0,25.0,54,552.9283333333333,228,75,21,11,11,23,4.222222222222222,1.3888888888888888,0.3888888888888889,10.239413580246913,3
Ryan Rollins,MIL,4000000.0,4000000.0,4000000.0,0.0,0.0,0.0,8000000.0,23.0,74,2375.483333333333,1281,338,414,110,31,201,17.31081081081081,4.5675675675675675,5.594594594594595,32.101126126126125,3
Dwight Powell,DAL,4000000.0,0.0,0.0,0.0,0.0,0.0,4000000.0,34.0,63,904.4116666666666,210,257,68,34,21,41,3.3333333333333335,4.079365079365079,1.0793650793650793,14.35574074074074,1
Jaime Jaquez Jr.,MIA,3861600.0,5939141.0,0.0,0.0,0.0,0.0,9800741.0,25.0,75,2121.21,1152,375,352,51,21,152,15.36,5.0,4.693333333333333,28.2828,2
Daniss Jenkins,DET,3809524.0,4000000.0,0.0,0.0,0.0,0.0,3809524.0,24.0,72,1455.3,671,166,278,64,15,115,9.319444444444445,2.3055555555555554,3.861111111111111,20.2125,2
Cole Anthony,MEM,5996274.0,3700000.0,3700000.0,0.0,0.0,0.0,11100000.0,26.0,35,526.635,234,87,121,20,11,65,6.685714285714286,2.4857142857142858,3.4571428571428573,15.046714285714286,3
Gary Trent Jr.,MIL,3697105.0,3881960.0,0.0,0.0,0.0,0.0,3697105.0,27.0,65,1377.3816666666667,529,67,79,34,3,41,8.138461538461538,1.0307692307692307,1.2153846153846153,21.190487179487178,2
Brandin Podziemski,GSW,3687960.0,5679459.0,0.0,0.0,0.0,0.0,9367419.0,23.0,82,2332.673333333333,1133,419,304,88,15,131,13.817073170731707,5.109756097560975,3.707317073170732,28.447235772357722,2
Svi Mykhailiuk,UTA,3675000.0,3850000.0,4025000.0,0.0,0.0,0.0,0.0,29.0,50,1155.6116666666667,469,124,93,26,3,42,9.38,2.48,1.86,23.112233333333332,3
Kasparas Jakučionis,MIA,3658800.0,3841680.0,4024440.0,6205687.0,0.0,0.0,7500480.0,20.0,53,944.6283333333333,328,138,137,33,7,50,6.188679245283019,2.6037735849056602,2.5849056603773586,17.82317610062893,4
Ja'Kobe Walter,TOR,3638160.0,3811800.0,5870172.0,0.0,0.0,0.0,7449960.0,21.0,72,1473.575,541,185,86,73,14,37,7.513888888888889,2.5694444444444446,1.1944444444444444,20.466319444444444,3
Gary Harris,MIL,3634153.0,3815861.0,0.0,0.0,0.0,0.0,3634153.0,31.0,48,660.7683333333333,128,61,51,27,9,19,2.6666666666666665,1.2708333333333333,1.0625,13.766006944444444,2
Cam Whitmore,WAS,3539760.0,5458310.0,0.0,0.0,0.0,0.0,8998070.0,21.0,21,353.98333333333335,193,58,15,15,8,18,9.19047619047619,2.761904761904762,0.7142857142857143,16.856349206349208,2
Will Riley,WAS,3512520.0,3688320.0,3864000.0,6155352.0,0.0,0.0,7200840.0,20.0,74,1632.4716666666666,764,212,146,54,9,94,10.324324324324325,2.864864864864865,1.972972972972973,22.060427927927925,4
Jaylon Tyson,CLE,3492480.0,3658560.0,5641500.0,0.0,0.0,0.0,7151040.0,23.0,66,1777.4833333333333,872,338,147,54,28,99,13.212121212121213,5.121212121212121,2.227272727272727,26.931565656565656,3
Jaxson Hayes,LAL,3449323.0,0.0,0.0,0.0,0.0,0.0,3449323.0,26.0,66,1206.5783333333334,497,271,59,29,52,31,7.53030303030303,4.106060606060606,0.8939393939393939,18.2814898989899,1
Dominick Barlow,PHI,3415000.0,3415000.0,0.0,0.0,0.0,0.0,3415000.0,23.0,71,1688.5183333333334,545,340,87,63,53,56,7.676056338028169,4.788732394366197,1.2253521126760563,23.78194835680751,2
Noah Clowney,BRK,3398640.0,5414034.0,0.0,0.0,0.0,0.0,8812674.0,21.0,66,1780.0633333333333,809,273,108,50,45,102,12.257575757575758,4.136363636363637,1.6363636363636365,26.970656565656565,2
Drake Powell,BRK,3372240.0,3540600.0,3709320.0,6101832.0,0.0,0.0,6912840.0,20.0,63,1319.5133333333333,408,111,91,36,14,60,6.476190476190476,1.7619047619047619,1.4444444444444444,20.944656084656085,4
Yves Missi,NOP,3353040.0,3512760.0,5595827.0,0.0,0.0,0.0,6865800.0,22.0,66,1297.0366666666666,377,385,84,20,101,54,5.712121212121212,5.833333333333333,1.2727272727272727,19.652070707070706,3
Blake Wesley,WAS,5643732.0,0.0,0.0,0.0,0.0,0.0,3347458.0,23.0,31,360.8183333333333,148,39,62,16,5,31,4.774193548387097,1.2580645161290323,2.0,11.639301075268817,1
Taurean Prince,MIL,3303774.0,3815861.0,0.0,0.0,0.0,0.0,3303774.0,32.0,26,611.3033333333333,239,81,46,16,6,31,9.192307692307692,3.1153846153846154,1.7692307692307692,23.511666666666663,2
Dariq Whitehead,BRK,3262560.0,0.0,0.0,0.0,0.0,0.0,3262560.0,21.0,6,182.81666666666666,98,24,9,4,0,10,16.333333333333332,4.0,1.5,30.469444444444445,1
Asa Newell,ATL,3237480.0,3399480.0,3560880.0,6042814.0,0.0,0.0,6636960.0,20.0,44,499.90833333333336,227,96,26,16,15,23,5.159090909090909,2.1818181818181817,0.5909090909090909,11.36155303030303,4
Kris Murray,POR,3132000.0,5315004.0,0.0,0.0,0.0,0.0,8447004.0,25.0,57,1333.21,331,206,81,51,22,47,5.807017543859649,3.6140350877192984,1.4210526315789473,23.38964912280702,2
Nique Clifford,SAC,3108120.0,3263400.0,3418800.0,5979481.0,0.0,0.0,6371520.0,24.0,75,1881.925,645,282,179,68,24,116,8.6,3.76,2.3866666666666667,25.092333333333332,4
AJ Johnson,DAL,3090480.0,3237120.0,5493394.0,0.0,0.0,0.0,6327600.0,21.0,48,453.43333333333334,160,55,47,11,3,30,3.3333333333333335,1.1458333333333333,0.9791666666666666,9.446527777777778,3
De'Anthony Melton,GSW,3080921.0,3451779.0,0.0,0.0,0.0,0.0,3080921.0,28.0,49,1125.2566666666667,602,158,125,77,20,91,12.285714285714286,3.2244897959183674,2.5510204081632653,22.96442176870748,2
Kyle Filipowski,UTA,3000000.0,3000000.0,3000000.0,0.0,0.0,0.0,3000000.0,22.0,77,1800.9433333333334,879,552,198,73,39,125,11.415584415584416,7.1688311688311686,2.5714285714285716,23.388874458874458,3
Ajay Mitchell,OKC,3000000.0,2850000.0,2850000.0,0.0,0.0,0.0,3000000.0,24.0,57,1472.7983333333334,774,190,206,71,18,81,13.578947368421053,3.3333333333333335,3.6140350877192984,25.83856725146199,3
Julian Champagnie,SAS,3000000.0,3000000.0,0.0,0.0,0.0,0.0,0.0,25.0,82,2265.963333333333,911,473,127,62,38,69,11.109756097560975,5.7682926829268295,1.548780487804878,27.63369918699187,2
Jase Richardson,ORL,2983320.0,3132360.0,3282000.0,5910882.0,0.0,0.0,6115680.0,20.0,54,586.7483333333333,239,63,58,19,2,25,4.425925925925926,1.1666666666666667,1.0740740740740742,10.86570987654321,4
Kyshawn George,WAS,2966760.0,3108000.0,5435892.0,0.0,0.0,0.0,6074760.0,22.0,48,1390.9633333333334,710,245,214,48,43,125,14.791666666666666,5.104166666666667,4.458333333333333,28.978402777777777,3
Tony Bradley,IND,3204816.0,0.0,0.0,0.0,0.0,0.0,3204816.0,28.0,41,450.68666666666667,162,116,22,6,7,18,3.951219512195122,2.8292682926829267,0.5365853658536586,10.992357723577236,1
Marcus Sasser,DET,2886720.0,5198983.0,0.0,0.0,0.0,0.0,8085703.0,25.0,38,456.50333333333333,197,39,75,20,4,31,5.184210526315789,1.0263157894736843,1.9736842105263157,12.013245614035087,2
Ben Saraf,BRK,2884560.0,3028560.0,3172920.0,5720776.0,0.0,0.0,5913120.0,20.0,44,916.3183333333334,332,92,145,38,8,99,7.545454545454546,2.090909090909091,3.2954545454545454,20.82541666666667,4
Pacôme Dadiet,NYK,2847600.0,2983680.0,5373608.0,0.0,0.0,0.0,5831280.0,20.0,29,135.76,48,27,12,3,1,3,1.6551724137931034,0.9310344827586207,0.41379310344827586,4.681379310344827,3
Danny Wolf,BRK,2801280.0,2941440.0,3081840.0,5559640.0,0.0,0.0,5742720.0,22.0,57,1187.1616666666666,508,281,127,30,32,73,8.912280701754385,4.9298245614035086,2.2280701754385963,20.82739766081871,4
Ben Sheppard,IND,2790720.0,5031669.0,0.0,0.0,0.0,0.0,7822389.0,24.0,65,1390.4766666666667,459,195,114,39,6,41,7.061538461538461,3.0,1.7538461538461538,21.39194871794872,2
Hugo González,BOS,2783880.0,2923560.0,3062640.0,5528065.0,0.0,0.0,5707440.0,20.0,74,1083.93,289,246,40,42,21,38,3.9054054054054053,3.324324324324324,0.5405405405405406,14.647702702702704,4
Liam McNeeley,CHO,2763960.0,2902080.0,3040320.0,5487778.0,0.0,0.0,5666040.0,20.0,31,367.52166666666665,132,73,24,5,3,13,4.258064516129032,2.3548387096774195,0.7741935483870968,11.855537634408602,4
Dillon Jones,WAS,2753280.0,0.0,0.0,0.0,0.0,0.0,2753280.0,24.0,7,39.388333333333335,9,7,4,3,0,0,1.2857142857142858,1.0,0.5714285714285714,5.626904761904762,1
Yanic Konan Niederhäuser,LAC,2743800.0,2880960.0,3018480.0,5448356.0,0.0,0.0,5624760.0,23.0,41,423.67833333333334,176,117,12,5,30,23,4.2926829268292686,2.8536585365853657,0.2926829268292683,10.333617886178862,4
Nick Smith Jr.,CHO,2710680.0,0.0,0.0,0.0,0.0,0.0,2710680.0,22.0,30,374.87666666666667,185,23,31,9,2,21,6.166666666666667,0.7666666666666667,1.0333333333333334,12.495888888888889,1
Brice Sensabaugh,UTA,2693760.0,4862237.0,0.0,0.0,0.0,0.0,7555997.0,22.0,75,1761.8666666666666,1116,231,143,54,12,124,14.88,3.08,1.9066666666666667,23.491555555555554,2
Julian Strawther,DEN,2674200.0,4826931.0,0.0,0.0,0.0,0.0,7501131.0,24.0,57,860.6733333333333,413,114,61,25,6,36,7.245614035087719,2.0,1.0701754385964912,15.099532163742689,2
Terrence Shannon Jr.,MIN,2674080.0,2801640.0,5054159.0,0.0,0.0,0.0,5475720.0,25.0,43,537.675,241,49,38,14,1,24,5.604651162790698,1.1395348837209303,0.8837209302325582,12.504069767441859,3
Ryan Dunn,PHO,2657760.0,2784240.0,5025553.0,0.0,0.0,0.0,5442000.0,23.0,70,1355.245,407,297,102,60,29,56,5.814285714285714,4.242857142857143,1.457142857142857,19.360642857142857,3
Kobe Brown,IND,2654880.0,4792059.0,0.0,0.0,0.0,0.0,2654880.0,26.0,61,962.3766666666667,353,185,80,23,12,53,5.786885245901639,3.0327868852459017,1.3114754098360655,15.776666666666667,2
Isaiah Collier,UTA,2638200.0,2763960.0,4988948.0,0.0,0.0,0.0,5402160.0,21.0,59,1516.92,688,150,423,66,20,148,11.661016949152541,2.542372881355932,7.169491525423729,25.710508474576272,3
Baylor Scheierman,BOS,2619000.0,2744040.0,4952993.0,0.0,0.0,0.0,5363040.0,25.0,77,1429.3033333333333,427,269,116,42,6,46,5.545454545454546,3.4935064935064934,1.5064935064935066,18.562380952380952,3
Cam Spencer,MEM,2537989.0,2411090.0,2616754.0,2830685.0,0.0,0.0,7565833.0,26.0,72,1714.4516666666666,798,183,400,52,11,93,11.083333333333334,2.5416666666666665,5.555555555555555,23.811828703703704,4
Luka Garza,BOS,2461463.0,2801346.0,0.0,0.0,0.0,0.0,5262809.0,27.0,69,1117.9083333333333,557,281,66,27,28,46,8.072463768115941,4.072463768115942,0.9565217391304348,16.20157004830918,2
Sandro Mamukelashvili,TOR,2461463.0,2801346.0,0.0,0.0,0.0,0.0,2461463.0,27.0,80,1750.6916666666666,893,395,151,64,41,67,11.1625,4.9375,1.8875,21.883645833333333,2
Trendon Watford,PHI,2461463.0,2801346.0,0.0,0.0,0.0,0.0,2461463.0,25.0,53,863.7166666666667,346,174,132,16,22,64,6.528301886792453,3.2830188679245285,2.490566037735849,16.296540880503144,2
Jericho Sims,MIL,2461463.0,2801346.0,0.0,0.0,0.0,0.0,2461463.0,27.0,67,1317.835,334,370,104,19,17,75,4.985074626865671,5.522388059701493,1.5522388059701493,19.669179104477614,2
Dru Smith,MIA,2378870.0,2584539.0,2934742.0,0.0,0.0,0.0,2378870.0,28.0,70,1141.3083333333334,395,173,180,100,21,55,5.642857142857143,2.4714285714285715,2.5714285714285716,16.304404761904763,3
Josh Minott,BRK,2378870.0,2584539.0,0.0,0.0,0.0,0.0,2378870.0,23.0,49,833.7316666666667,364,158,46,44,24,43,7.428571428571429,3.2244897959183674,0.9387755102040817,17.014931972789118,2
Justin Champagnie,WAS,2349578.0,2667944.0,3005085.0,0.0,0.0,0.0,5017522.0,25.0,69,1377.4533333333334,597,384,84,59,43,45,8.652173913043478,5.565217391304348,1.2173913043478262,19.963091787439613,3
Jordan Goodwin,PHO,2349578.0,0.0,0.0,0.0,0.0,0.0,2349578.0,27.0,70,1571.7766666666666,609,341,151,106,14,68,8.7,4.871428571428571,2.157142857142857,22.45395238095238,1
Jay Huff,IND,2349578.0,2667944.0,3005085.0,0.0,0.0,0.0,2349578.0,28.0,82,1719.2433333333333,783,324,121,41,153,76,9.548780487804878,3.951219512195122,1.475609756097561,20.966382113821137,3
Vít Krejčí,POR,2349578.0,2667944.0,3005085.0,0.0,0.0,0.0,0.0,26.0,65,1392.1,550,148,100,47,18,41,8.461538461538462,2.276923076923077,1.5384615384615385,21.416923076923077,3
Neemias Queta,BOS,2349578.0,2667944.0,0.0,0.0,0.0,0.0,0.0,26.0,76,1926.2066666666667,776,636,126,60,100,75,10.210526315789474,8.368421052631579,1.6578947368421053,25.34482456140351,2
Vince Williams Jr.,UTA,2301587.0,0.0,0.0,0.0,0.0,0.0,2301587.0,25.0,40,819.395,300,155,166,29,16,70,7.5,3.875,4.15,20.484875,1
Keon Ellis,CLE,2301587.0,0.0,0.0,0.0,0.0,0.0,2301587.0,26.0,72,1478.6383333333333,480,135,72,83,46,41,6.666666666666667,1.875,1.0,20.536643518518517,1
Ryan Kalkbrenner,CHO,2296274.0,2411090.0,2525901.0,2735698.0,0.0,0.0,4707364.0,24.0,69,1479.1316666666667,521,377,54,32,101,62,7.550724637681159,5.463768115942029,0.782608695652174,21.43669082125604,4
Sion James,CHO,2296274.0,2411090.0,2525901.0,2735698.0,0.0,0.0,4707364.0,23.0,82,1843.28,441,287,163,52,20,65,5.378048780487805,3.5,1.9878048780487805,22.479024390243904,4
Anthony Gill,WAS,2296274.0,0.0,0.0,0.0,0.0,0.0,2296274.0,33.0,55,950.9466666666667,321,158,69,31,21,36,5.836363636363636,2.8727272727272726,1.2545454545454546,17.289939393939395,1
Chris Boucher,UTA,2296274.0,0.0,0.0,0.0,0.0,0.0,2296274.0,33.0,9,94.15,21,18,3,5,7,1,2.3333333333333335,2.0,0.3333333333333333,10.461111111111112,1
Chris Paul,TOR,2296274.0,0.0,0.0,0.0,0.0,0.0,2296274.0,41.0,16,227.535,47,28,53,11,0,16,2.9375,1.75,3.3125,14.2209375,1
Garrett Temple,TOR,2296274.0,0.0,0.0,0.0,0.0,0.0,2296274.0,40.0,22,72.93666666666667,17,9,9,4,2,7,0.7727272727272727,0.4090909090909091,0.4090909090909091,3.3153030303030304,1
Bismack Biyombo,SAS,2296274.0,0.0,0.0,0.0,0.0,0.0,2296274.0,33.0,25,141.35333333333332,23,26,5,4,2,8,0.92,1.04,0.2,5.654133333333333,1
Lindy Waters III,SAS,2296274.0,0.0,0.0,0.0,0.0,0.0,2296274.0,28.0,40,284.6766666666667,95,29,19,6,1,7,2.375,0.725,0.475,7.116916666666667,1
Jordan McLaughlin,SAS,2296274.0,0.0,0.0,0.0,0.0,0.0,2296274.0,30.0,44,281.6166666666667,89,32,38,20,2,15,2.022727272727273,0.7272727272727273,0.8636363636363636,6.400378787878788,1
Russell Westbrook,SAC,2296274.0,0.0,0.0,0.0,0.0,0.0,2296274.0,37.0,64,1852.57,971,348,426,83,12,209,15.171875,5.4375,6.65625,28.94640625,1
Doug McDermott,SAC,2296274.0,0.0,0.0,0.0,0.0,0.0,2296274.0,34.0,29,439.1983333333333,164,37,22,6,4,13,5.655172413793103,1.2758620689655173,0.7586206896551724,15.144770114942528,1
Drew Eubanks,SAC,2296274.0,0.0,0.0,0.0,0.0,0.0,2296274.0,29.0,42,552.27,219,127,19,15,26,30,5.214285714285714,3.0238095238095237,0.4523809523809524,13.149285714285714,1
Blake Wesley,POR,5643732.0,0.0,0.0,0.0,0.0,0.0,2296274.0,23.0,31,360.8183333333333,148,39,62,16,5,31,4.774193548387097,1.2580645161290323,2.0,11.639301075268817,1
Cole Anthony,PHO,5996274.0,3700000.0,3700000.0,0.0,0.0,0.0,2296274.0,26.0,35,526.635,234,87,121,20,11,65,6.685714285714286,2.4857142857142858,3.4571428571428573,15.046714285714286,3
Amir Coffey,PHO,2296274.0,0.0,0.0,0.0,0.0,0.0,2296274.0,29.0,46,490.50166666666667,149,57,27,9,5,9,3.239130434782609,1.2391304347826086,0.5869565217391305,10.663079710144928,1
Collin Gillespie,PHO,2296274.0,0.0,0.0,0.0,0.0,0.0,2296274.0,27.0,80,2281.8016666666667,1012,327,371,99,16,125,12.65,4.0875,4.6375,28.522520833333335,1
Kyle Lowry,PHI,2296274.0,0.0,0.0,0.0,0.0,0.0,2296274.0,40.0,14,118.04,17,9,11,2,2,4,1.2142857142857142,0.6428571428571429,0.7857142857142857,8.431428571428572,1
Mason Plumlee,OKC,3022108.0,0.0,0.0,0.0,0.0,0.0,2296274.0,36.0,20,171.48833333333334,31,53,20,10,0,12,1.55,2.65,1.0,8.574416666666668,1
Landry Shamet,NYK,2296274.0,0.0,0.0,0.0,0.0,0.0,2296274.0,29.0,51,1171.055,475,92,72,31,9,30,9.313725490196079,1.803921568627451,1.411764705882353,22.961862745098042,1
Jordan Clarkson,NYK,12947835.0,0.0,0.0,0.0,0.0,0.0,2296274.0,34.0,72,1279.4616666666666,622,127,96,30,9,63,8.63888888888889,1.7638888888888888,1.3333333333333333,17.770300925925923,1
Bones Hyland,MIN,2296274.0,0.0,0.0,0.0,0.0,0.0,2296274.0,25.0,71,1176.9183333333333,604,127,188,44,17,70,8.507042253521126,1.7887323943661972,2.647887323943662,16.57631455399061,1
Joe Ingles,MIN,2296274.0,0.0,0.0,0.0,0.0,0.0,2296274.0,38.0,27,152.68833333333333,41,19,34,9,2,14,1.5185185185185186,0.7037037037037037,1.2592592592592593,5.655123456790124,1
Chris Livingston,MIL,0.0,0.0,0.0,0.0,0.0,0.0,2296274.0,22.0,3,17.426666666666666,9,3,1,1,0,0,3.0,1.0,0.3333333333333333,5.808888888888888,1
Thanasis Antetokounmpo,MIL,2296274.0,0.0,0.0,0.0,0.0,0.0,2296274.0,33.0,34,147.95833333333334,47,30,15,13,6,10,1.3823529411764706,0.8823529411764706,0.4411764705882353,4.35171568627451,1
Eric Gordon,MEM,2296274.0,0.0,0.0,0.0,0.0,0.0,2296274.0,37.0,6,73.75,33,2,3,4,1,3,5.5,0.3333333333333333,0.5,12.291666666666666,1
Josh Okogie,HOU,2296274.0,0.0,0.0,0.0,0.0,0.0,2296274.0,27.0,78,1353.8116666666667,353,200,69,63,16,41,4.5256410256410255,2.5641025641025643,0.8846153846153846,17.35655982905983,1
Jeff Green,HOU,2296274.0,0.0,0.0,0.0,0.0,0.0,2296274.0,39.0,30,174.81666666666666,67,25,8,2,2,4,2.2333333333333334,0.8333333333333334,0.26666666666666666,5.827222222222222,1
Aaron Holiday,HOU,2296274.0,0.0,0.0,0.0,0.0,0.0,2296274.0,29.0,57,780.7316666666667,312,58,60,27,5,38,5.473684210526316,1.0175438596491229,1.0526315789473684,13.697046783625732,1
Jae'Sean Tate,HOU,2296274.0,0.0,0.0,0.0,0.0,0.0,2296274.0,30.0,46,404.72333333333336,129,73,25,10,3,16,2.8043478260869565,1.5869565217391304,0.5434782608695652,8.798333333333334,1
Gary Payton II,GSW,2296274.0,0.0,0.0,0.0,0.0,0.0,2296274.0,33.0,73,1142.28,547,265,123,67,21,62,7.493150684931507,3.6301369863013697,1.6849315068493151,15.647671232876712,1
Javonte Green,DET,2296274.0,0.0,0.0,0.0,0.0,0.0,2296274.0,32.0,82,1445.9616666666666,569,230,56,102,25,45,6.939024390243903,2.8048780487804876,0.6829268292682927,17.633678861788617,1
Tim Hardaway Jr.,DEN,2296274.0,0.0,0.0,0.0,0.0,0.0,2296274.0,34.0,80,2127.3,1079,206,108,42,10,43,13.4875,2.575,1.35,26.591250000000002,1
Bruce Brown,DEN,2296274.0,0.0,0.0,0.0,0.0,0.0,2296274.0,29.0,82,1997.7883333333334,649,318,174,85,20,91,7.914634146341464,3.8780487804878048,2.1219512195121952,24.363272357723577,1
Marvin Bagley III,DAL,2296274.0,0.0,0.0,0.0,0.0,0.0,2296274.0,27.0,60,1200.9033333333334,627,366,85,28,43,61,10.45,6.1,1.4166666666666667,20.015055555555556,1
Thomas Bryant,CLE,2296274.0,0.0,0.0,0.0,0.0,0.0,2296274.0,28.0,60,731.8166666666667,370,205,33,18,26,28,6.166666666666667,3.4166666666666665,0.55,12.196944444444446,1
Larry Nance Jr.,CLE,2296274.0,0.0,0.0,0.0,0.0,0.0,2296274.0,33.0,35,448.77,131,93,34,21,6,20,3.742857142857143,2.657142857142857,0.9714285714285714,12.822,1
Keaton Wallace,ATL,2296274.0,0.0,0.0,0.0,0.0,0.0,2296274.0,27.0,53,535.99,186,56,94,24,5,28,3.509433962264151,1.0566037735849056,1.7735849056603774,10.113018867924529,1
Jock Landale,ATL,2296274.0,0.0,0.0,0.0,0.0,0.0,2296274.0,30.0,68,1506.0766666666666,718,387,115,35,36,60,10.558823529411764,5.6911764705882355,1.6911764705882353,22.148186274509804,1
Scotty Pippen Jr.,MEM,2270735.0,2461462.0,2789215.0,0.0,0.0,0.0,2270735.0,25.0,10,211.86666666666667,114,22,47,19,4,27,11.4,2.2,4.7,21.186666666666667,3
JD Davison,BOS,2270735.0,0.0,0.0,0.0,0.0,0.0,2270735.0,23.0,28,218.41666666666666,69,34,35,6,6,7,2.4642857142857144,1.2142857142857142,1.25,7.800595238095238,1
Brandon Williams,DAL,2270735.0,0.0,0.0,0.0,0.0,0.0,0.0,26.0,66,1462.645,859,191,256,62,20,125,13.015151515151516,2.893939393939394,3.878787878787879,22.161287878787878,1
Moussa Diabaté,CHO,2270735.0,2461462.0,0.0,0.0,0.0,0.0,0.0,24.0,73,1898.9566666666667,575,635,141,56,72,73,7.876712328767123,8.698630136986301,1.9315068493150684,26.013105022831052,2
DeAndre Jordan,NOP,2269880.0,0.0,0.0,0.0,0.0,0.0,2269880.0,37.0,12,198.8,53,76,11,4,10,9,4.416666666666667,6.333333333333333,0.9166666666666666,16.566666666666666,1
Toumani Camara,POR,2221677.0,18080358.0,19526786.0,20973214.0,22419642.0,0.0,83221677.0,26.0,82,2731.2366666666667,1100,421,201,94,35,144,13.414634146341463,5.134146341463414,2.451219512195122,33.307764227642274,5
Gui Santos,GSW,2221677.0,4629630.0,5000000.0,5370370.0,0.0,0.0,11851307.0,24.0,68,1395.3633333333332,625,266,159,61,22,102,9.191176470588236,3.911764705882353,2.338235294117647,20.520049019607843,4
Rayan Rupert,POR,2353647.0,0.0,0.0,0.0,0.0,0.0,2221677.0,22.0,64,1072.545,332,188,68,55,9,55,5.1875,2.9375,1.0625,16.758515625,1
Julian Phillips,MIN,2221677.0,2406205.0,0.0,0.0,0.0,0.0,2221677.0,22.0,48,427.01666666666665,140,49,10,22,7,11,2.9166666666666665,1.0208333333333333,0.20833333333333334,8.896180555555555,2
Jalen Pickett,DEN,2221677.0,2406205.0,0.0,0.0,0.0,0.0,2221677.0,26.0,50,806.48,260,114,115,13,5,34,5.2,2.28,2.3,16.1296,2
Hunter Tyson,BRK,2221677.0,0.0,0.0,0.0,0.0,0.0,2221677.0,26.0,21,161.9,46,36,17,2,1,5,2.1904761904761907,1.7142857142857142,0.8095238095238095,7.70952380952381,1
Jalen Wilson,BRK,2221677.0,0.0,0.0,0.0,0.0,0.0,2221677.0,25.0,54,859.2216666666667,343,114,50,22,2,38,6.351851851851852,2.111111111111111,0.9259259259259259,15.911512345679013,1
Jordan Walsh,BOS,2221677.0,2406205.0,0.0,0.0,0.0,0.0,200000.0,22.0,68,1211.97,364,272,54,49,31,35,5.352941176470588,4.0,0.7941176470588235,17.82308823529412,2
Trayce Jackson-Davis,TOR,2221677.0,2406205.0,0.0,0.0,0.0,0.0,0.0,26.0,53,496.0366666666667,181,145,39,17,24,23,3.4150943396226414,2.7358490566037736,0.7358490566037735,9.359182389937107,2
Andre Jackson Jr.,MIL,2221677.0,2406205.0,0.0,0.0,0.0,0.0,0.0,24.0,48,408.10833333333335,113,72,43,19,4,31,2.3541666666666665,1.5,0.8958333333333334,8.502256944444445,2
Craig Porter Jr.,CLE,2221677.0,2406205.0,0.0,0.0,0.0,0.0,0.0,26.0,64,1147.6616666666666,289,220,205,57,38,59,4.515625,3.4375,3.203125,17.932213541666666,2
Leonard Miller,CHI,2221677.0,2406205.0,0.0,0.0,0.0,0.0,0.0,22.0,46,718.6616666666666,361,181,40,17,15,36,7.8478260869565215,3.9347826086956523,0.8695652173913043,15.623079710144927,2
Duop Reath,ATL,2221677.0,0.0,0.0,0.0,0.0,0.0,0.0,30.0,32,258.17,94,38,10,5,8,7,2.9375,1.1875,0.3125,8.0678125,1
Mouhamed Gueye,ATL,2221677.0,2406205.0,0.0,0.0,0.0,0.0,0.0,23.0,77,1178.8366666666666,342,275,69,61,39,33,4.441558441558442,3.5714285714285716,0.8961038961038961,15.309567099567099,2
Tyler Kolek,NYK,2191897.0,2296271.0,2486995.0,0.0,0.0,0.0,4488168.0,25.0,62,727.1616666666666,274,98,170,22,4,55,4.419354838709677,1.5806451612903225,2.7419354838709675,11.728413978494624,3
Jaylen Clark,MIN,2191897.0,0.0,0.0,0.0,0.0,0.0,2191897.0,24.0,68,887.7033333333334,275,120,43,47,9,23,4.044117647058823,1.7647058823529411,0.6323529411764706,13.054460784313726,1
Tyrese Martin,BRK,2191897.0,0.0,0.0,0.0,0.0,0.0,2191897.0,27.0,46,776.61,290,116,78,25,6,40,6.304347826086956,2.5217391304347827,1.6956521739130435,16.882826086956523,1
Precious Achiuwa,SAC,2111516.0,0.0,0.0,0.0,0.0,0.0,2111516.0,26.0,73,1745.185,736,492,101,65,50,65,10.082191780821917,6.739726027397261,1.3835616438356164,23.90664383561644,1
Justin Edwards,PHI,2048494.0,2411090.0,2616754.0,0.0,0.0,0.0,4459584.0,22.0,64,977.0183333333333,386,94,80,54,11,36,6.03125,1.46875,1.25,15.265911458333333,3
Nigel Hayes-Davis,MIL,2048494.0,0.0,0.0,0.0,0.0,0.0,2048494.0,31.0,27,195.21333333333334,34,33,7,8,2,8,1.2592592592592593,1.2222222222222223,0.25925925925925924,7.230123456790124,1
N'Faly Dante,ATL,2048494.0,0.0,0.0,0.0,0.0,0.0,0.0,24.0,4,15.416666666666666,3,7,0,2,0,1,0.75,1.75,0.0,3.8541666666666665,1
Johnny Furphy,IND,1955377.0,2296271.0,2486995.0,0.0,0.0,0.0,4251648.0,21.0,35,643.0533333333333,180,153,41,20,7,29,5.142857142857143,4.371428571428571,1.1714285714285715,18.37295238095238,3
Jonathan Mogbo,TOR,1955377.0,2296271.0,0.0,0.0,0.0,0.0,1955377.0,24.0,40,248.89666666666668,61,68,25,11,8,14,1.525,1.7,0.625,6.222416666666667,2
Jamal Shead,TOR,1955377.0,2296271.0,0.0,0.0,0.0,0.0,1955377.0,23.0,82,1852.2383333333332,545,143,444,76,15,112,6.646341463414634,1.7439024390243902,5.414634146341464,22.588272357723575,2
Oso Ighodaro,PHO,1955377.0,2296271.0,2486995.0,0.0,0.0,0.0,1955377.0,23.0,82,1808.37,531,418,185,73,57,101,6.475609756097561,5.097560975609756,2.2560975609756095,22.053292682926827,3
Ariel Hukporti,NYK,1955377.0,0.0,0.0,0.0,0.0,0.0,1955377.0,24.0,54,497.96166666666664,117,159,29,9,26,32,2.1666666666666665,2.9444444444444446,0.5370370370370371,9.221512345679011,1
Karlo Matković,NOP,1955377.0,2296271.0,0.0,0.0,0.0,0.0,1955377.0,25.0,62,911.7566666666667,352,229,50,25,54,34,5.67741935483871,3.693548387096774,0.8064516129032258,14.705752688172042,2
Tyler Smith,MIL,1955377.0,0.0,0.0,0.0,0.0,0.0,1955377.0,21.0,12,165.58333333333334,56,33,5,6,0,6,4.666666666666667,2.75,0.4166666666666667,13.798611111111112,1
Keshad Johnson,MIA,1955377.0,0.0,0.0,0.0,0.0,0.0,1955377.0,25.0,32,279.52166666666665,136,62,8,15,8,13,4.25,1.9375,0.25,8.735052083333333,1
Jaylen Wells,MEM,1955377.0,2296271.0,2486995.0,0.0,0.0,0.0,1955377.0,22.0,69,1820.6416666666667,865,220,111,61,9,74,12.53623188405797,3.1884057971014492,1.608695652173913,26.38611111111111,3
Bronny James,LAL,1955377.0,2296271.0,2486995.0,0.0,0.0,0.0,1955377.0,21.0,42,375.4916666666667,122,23,51,19,4,25,2.9047619047619047,0.5476190476190477,1.2142857142857142,8.940277777777778,3
Cam Christie,LAC,1955377.0,2296271.0,2486995.0,0.0,0.0,0.0,1955377.0,20.0,55,479.75,156,78,31,16,3,22,2.8363636363636364,1.4181818181818182,0.5636363636363636,8.722727272727273,3
Quinten Post,GSW,1955377.0,0.0,0.0,0.0,0.0,0.0,1955377.0,26.0,67,1159.1983333333333,513,269,94,26,35,56,7.656716417910448,4.014925373134329,1.4029850746268657,17.301467661691543,1
Bobi Klintman,DET,1955377.0,0.0,0.0,0.0,0.0,0.0,1955377.0,23.0,12,71.38333333333334,22,19,6,3,0,6,1.8333333333333333,1.5833333333333333,0.5,5.948611111111112,1
Isaac Jones,DET,1955377.0,0.0,0.0,0.0,0.0,0.0,1955377.0,25.0,7,35.68333333333333,9,5,1,0,1,1,1.2857142857142858,0.7142857142857143,0.14285714285714285,5.097619047619047,1
Drew Timme,BRK,1955377.0,0.0,0.0,0.0,0.0,0.0,1955377.0,25.0,27,235.08166666666668,92,33,23,6,0,13,3.4074074074074074,1.2222222222222223,0.8518518518518519,8.70672839506173,1
Jamison Battle,TOR,1955377.0,2296271.0,0.0,0.0,0.0,0.0,0.0,25.0,61,516.7783333333333,192,89,24,7,3,19,3.1475409836065573,1.459016393442623,0.39344262295081966,8.471775956284153,2
Adem Bona,PHI,1955377.0,2296271.0,2486995.0,0.0,0.0,0.0,0.0,23.0,71,1234.1616666666666,344,307,32,30,82,56,4.845070422535211,4.323943661971831,0.4507042253521127,17.38255868544601,3
Pelle Larsson,MIA,1955377.0,2296271.0,0.0,0.0,0.0,0.0,0.0,25.0,70,1849.1433333333334,800,244,236,49,16,101,11.428571428571429,3.4857142857142858,3.3714285714285714,26.416333333333334,2
Seth Curry,GSW,1755198.0,0.0,0.0,0.0,0.0,0.0,1755198.0,35.0,10,133.0,71,12,10,3,0,2,7.1,1.2,1.0,13.3,1
Micah Potter,IND,1527805.0,2801346.0,0.0,0.0,0.0,0.0,1527805.0,28.0,47,908.3166666666667,458,233,69,22,15,47,9.74468085106383,4.957446808510638,1.4680851063829787,19.325886524822696,2
Chaz Lanier,DET,1372870.0,2150917.0,2525901.0,2735698.0,0.0,0.0,3523787.0,24.0,34,262.005,80,23,17,7,0,3,2.3529411764705883,0.6764705882352942,0.5,7.706029411764706,4
Pat Connaughton,CHO,10739683.0,3815861.0,0.0,0.0,0.0,0.0,10739683.0,33.0,42,296.5183333333333,110,61,18,11,1,11,2.619047619047619,1.4523809523809523,0.42857142857142855,7.059960317460317,2
Rasheer Fleming,PHO,1272870.0,2150917.0,2525901.0,2735698.0,0.0,0.0,5949688.0,21.0,55,673.4016666666666,238,124,16,22,21,29,4.327272727272727,2.2545454545454544,0.2909090909090909,12.243666666666666,4
Maxime Raynaud,SAC,1272870.0,2150917.0,2525901.0,0.0,0.0,0.0,3423787.0,23.0,74,1963.88,922,556,100,38,39,94,12.45945945945946,7.513513513513513,1.3513513513513513,26.53891891891892,3
Johni Broome,PHI,1272870.0,2150917.0,2525901.0,2735698.0,0.0,0.0,3423787.0,23.0,11,54.76166666666666,10,16,4,3,2,3,0.9090909090909091,1.4545454545454546,0.36363636363636365,4.978333333333333,4
Noah Penda,ORL,1272870.0,2150917.0,2525901.0,2735698.0,0.0,0.0,3423787.0,21.0,59,757.275,227,187,70,30,18,42,3.847457627118644,3.169491525423729,1.1864406779661016,12.835169491525424,4
Micah Peavy,NOP,1272870.0,2150917.0,2525901.0,2735698.0,0.0,0.0,3423787.0,24.0,61,912.935,262,117,61,43,9,20,4.295081967213115,1.9180327868852458,1.0,14.966147540983606,4
Adou Thiero,LAL,1272870.0,2150917.0,2525901.0,0.0,0.0,0.0,3423787.0,22.0,25,148.90333333333334,47,28,10,7,2,9,1.88,1.12,0.4,5.956133333333334,3
Will Richard,GSW,1272870.0,2150917.0,2525901.0,2735698.0,0.0,0.0,3423787.0,23.0,69,1376.805,441,172,93,80,9,53,6.391304347826087,2.4927536231884058,1.3478260869565217,19.953695652173913,4
Tyrese Proctor,CLE,1272870.0,2150917.0,2525901.0,2735698.0,0.0,0.0,3423787.0,22.0,50,545.0866666666667,272,64,74,25,0,40,5.44,1.28,1.48,10.901733333333334,4
Mohamed Diawara,NYK,1272870.0,0.0,0.0,0.0,0.0,0.0,1272870.0,21.0,69,634.1516666666666,246,94,53,17,6,30,3.5652173913043477,1.3623188405797102,0.7681159420289855,9.1906038647343,1
Kam Jones,IND,1272870.0,2150917.0,2525901.0,2735698.0,0.0,0.0,1272870.0,24.0,37,616.325,162,60,119,18,0,36,4.378378378378378,1.6216216216216217,3.2162162162162162,16.657432432432433,4
Olivier-Maxence Prosper,DAL,1002360.0,1002360.0,1002360.0,0.0,0.0,0.0,3007080.0,23.0,53,983.5916666666667,530,187,51,40,13,47,10.0,3.5283018867924527,0.9622641509433962,18.558333333333334,3
James Wiseman,IND,1131970.0,0.0,0.0,0.0,0.0,0.0,1131970.0,25.0,4,58.461666666666666,13,8,3,0,1,5,3.25,2.0,0.75,14.615416666666667,1
Jevon Carter,ORL,7680524.0,0.0,0.0,0.0,0.0,0.0,871000.0,30.0,53,867.4416666666667,339,89,87,40,10,36,6.39622641509434,1.679245283018868,1.6415094339622642,16.36682389937107,1
Pat Spencer,GSW,857804.0,0.0,0.0,0.0,0.0,0.0,857804.0,29.0,66,1228.9266666666667,476,158,232,48,5,85,7.212121212121212,2.393939393939394,3.515151515151515,18.62010101010101,1
Kobe Bufkin,LAL,5480297.0,0.0,0.0,0.0,0.0,0.0,976577.0,22.0,16,119.48333333333333,46,13,10,2,3,5,2.875,0.8125,0.625,7.467708333333333,1
Cam Thomas,MIL,6837779.0,0.0,0.0,0.0,0.0,0.0,844607.0,24.0,42,880.5266666666666,567,71,108,9,4,74,13.5,1.6904761904761905,2.5714285714285716,20.964920634920635,1
Haywood Highsmith,PHO,6443984.0,3018158.0,0.0,0.0,0.0,0.0,1827984.0,29.0,7,90.79,38,13,7,4,0,0,5.428571428571429,1.8571428571428572,1.0,12.97,2
Jeremy Sochan,NYK,7874853.0,0.0,0.0,0.0,0.0,0.0,778622.0,23.0,44,468.5516666666667,158,107,40,17,7,21,3.590909090909091,2.4318181818181817,0.9090909090909091,10.648901515151515,1
Mike Conley,MIN,11499872.0,0.0,0.0,0.0,0.0,0.0,725834.0,38.0,54,991.2983333333333,245,93,157,35,14,34,4.537037037037037,1.7222222222222223,2.9074074074074074,18.357376543209877,1
Bryce McGowens,NOP,724598.0,2584539.0,2934742.0,0.0,0.0,0.0,3309137.0,23.0,42,879.9333333333333,340,88,62,27,8,17,8.095238095238095,2.0952380952380953,1.4761904761904763,20.95079365079365,3
Jabari Walker,PHI,724598.0,2584539.0,0.0,0.0,0.0,0.0,724598.0,23.0,64,761.6683333333333,276,192,34,23,13,27,4.3125,3.0,0.53125,11.901067708333333,2
Nae'Qwan Tomlin,CLE,718150.0,2411090.0,0.0,0.0,0.0,0.0,3129240.0,25.0,64,1003.6383333333333,374,186,53,41,34,29,5.84375,2.90625,0.828125,15.681848958333333,2
Jordan Miller,LAC,712637.0,2497812.0,0.0,0.0,0.0,0.0,3210449.0,26.0,60,1324.78,598,182,136,45,11,63,9.966666666666667,3.033333333333333,2.2666666666666666,22.079666666666665,2
Cameron Payne,PHI,712637.0,0.0,0.0,0.0,0.0,0.0,712637.0,31.0,22,374.33666666666664,163,44,58,24,7,11,7.409090909090909,2.0,2.6363636363636362,17.01530303030303,1
E.J. Liddell,PHO,706898.0,706898.0,0.0,0.0,0.0,0.0,1413796.0,25.0,26,349.19,147,69,24,6,10,15,5.653846153846154,2.6538461538461537,0.9230769230769231,13.430384615384614,2
Caleb Houstan,ATL,699440.0,0.0,0.0,0.0,0.0,0.0,699440.0,23.0,18,75.46666666666667,42,11,4,2,1,4,2.3333333333333335,0.6111111111111112,0.2222222222222222,4.192592592592593,1
Sidy Cissoko,POR,686243.0,2497812.0,0.0,0.0,0.0,0.0,686243.0,22.0,75,1435.055,383,166,110,52,25,70,5.1066666666666665,2.2133333333333334,1.4666666666666666,19.13406666666667,2
Spencer Jones,DEN,623967.0,0.0,0.0,0.0,0.0,0.0,623967.0,25.0,64,1416.79,352,209,51,52,29,31,5.5,3.265625,0.796875,22.13734375,1
Mason Plumlee,SAS,3022108.0,0.0,0.0,0.0,0.0,0.0,725834.0,36.0,20,171.48833333333334,31,53,20,10,0,12,1.55,2.65,1.0,8.574416666666668,1
Amari Williams,BOS,490128.0,2150917.0,0.0,0.0,0.0,0.0,2641045.0,24.0,22,145.72333333333333,30,40,10,3,10,11,1.3636363636363635,1.8181818181818181,0.45454545454545453,6.623787878787879,2
Kobe Sanders,LAC,475497.0,2150917.0,0.0,0.0,0.0,0.0,475497.0,24.0,68,1351.4166666666667,495,153,109,49,10,81,7.279411764705882,2.25,1.6029411764705883,19.873774509803923,2
Myron Gardner,MIA,395029.0,2150917.0,2525901.0,0.0,0.0,0.0,395029.0,25.0,45,410.505,163,122,44,20,8,17,3.6222222222222222,2.7111111111111112,0.9777777777777777,9.122333333333334,3
Monte Morris,IND,321184.0,0.0,0.0,0.0,0.0,0.0,321184.0,31.0,6,64.61666666666666,18,7,9,1,1,2,3.0,1.1666666666666667,1.5,10.769444444444444,1
Garrison Mathews,IND,429325.0,0.0,0.0,0.0,0.0,0.0,561295.0,29.0,15,196.1,78,17,10,6,3,3,5.2,1.1333333333333333,0.6666666666666666,13.073333333333332,1
Mo Bamba,TOR,458711.0,0.0,0.0,0.0,0.0,0.0,194771.0,28.0,4,43.8,10,22,1,0,3,2,2.5,5.5,0.25,10.95,1
Mac McClung,IND,164060.0,0.0,0.0,0.0,0.0,0.0,164060.0,27.0,11,135.175,67,10,10,11,3,9,6.090909090909091,0.9090909090909091,0.9090909090909091,12.288636363636364,1
Tony Bradley,IND,3204816.0,0.0,0.0,0.0,0.0,0.0,3204816.0,28.0,41,450.68666666666667,162,116,22,6,7,18,3.951219512195122,2.8292682926829267,0.5365853658536586,10.992357723577236,1
Mason Plumlee,SAS,3022108.0,0.0,0.0,0.0,0.0,0.0,725834.0,36.0,20,171.48833333333334,31,53,20,10,0,12,1.55,2.65,1.0,8.574416666666668,1
Jeremiah Robinson-Earl,IND,131970.0,0.0,0.0,0.0,0.0,0.0,589305.0,25.0,22,360.615,101,103,15,9,1,12,4.590909090909091,4.681818181818182,0.6818181818181818,16.391590909090908,1
Garrison Mathews,IND,429325.0,0.0,0.0,0.0,0.0,0.0,561295.0,29.0,15,196.1,78,17,10,6,3,3,5.2,1.1333333333333333,0.6666666666666666,13.073333333333332,1
Killian Hayes,SAC,263940.0,0.0,0.0,0.0,0.0,0.0,263940.0,24.0,23,405.52666666666664,127,54,81,21,4,28,5.521739130434782,2.347826086956522,3.5217391304347827,17.63159420289855,1
Charles Bassey,PHI,263940.0,0.0,0.0,0.0,0.0,0.0,263940.0,25.0,13,152.70333333333335,76,57,7,4,11,6,5.846153846153846,4.384615384615385,0.5384615384615384,11.746410256410257,1
Christian Koloko,MEM,263940.0,0.0,0.0,0.0,0.0,0.0,263940.0,26.0,27,356.66833333333335,73,81,18,14,23,16,2.7037037037037037,3.0,0.6666666666666666,13.209938271604939,1
Alondes Williams,WAS,131970.0,0.0,0.0,0.0,0.0,0.0,131970.0,27.0,4,100.78333333333333,44,25,12,3,3,5,11.0,6.25,3.0,25.195833333333333,1
Skal Labissiere,WAS,131970.0,0.0,0.0,0.0,0.0,0.0,131970.0,30.0,3,37.55,13,9,3,2,1,1,4.333333333333333,3.0,1.0,12.516666666666666,1
Patrick Baldwin Jr.,PHI,263940.0,0.0,0.0,0.0,0.0,0.0,131970.0,23.0,9,102.47166666666666,33,23,5,3,5,5,3.6666666666666665,2.5555555555555554,0.5555555555555556,11.38574074074074,1
Rayan Rupert,MEM,2353647.0,0.0,0.0,0.0,0.0,0.0,131970.0,22.0,64,1072.545,332,188,68,55,9,55,5.1875,2.9375,1.0625,16.758515625,1
Charles Bassey,MEM,263940.0,0.0,0.0,0.0,0.0,0.0,131970.0,25.0,13,152.70333333333335,76,57,7,4,11,6,5.846153846153846,4.384615384615385,0.5384615384615384,11.746410256410257,1
Dalano Banton,LAC,263940.0,0.0,0.0,0.0,0.0,0.0,131970.0,26.0,6,61.65,12,5,11,2,5,8,2.0,0.8333333333333334,1.8333333333333333,10.275,1
Patrick Baldwin Jr.,LAC,263940.0,0.0,0.0,0.0,0.0,0.0,131970.0,23.0,9,102.47166666666666,33,23,5,3,5,5,3.6666666666666665,2.5555555555555554,0.5555555555555556,11.38574074074074,1
Jeremiah Robinson-Earl,DAL,131970.0,0.0,0.0,0.0,0.0,0.0,131970.0,25.0,22,360.615,101,103,15,9,1,12,4.590909090909091,4.681818181818182,0.6818181818181818,16.391590909090908,1
Lawson Lovering,MEM,87784.0,0.0,0.0,0.0,0.0,0.0,87784.0,23.0,2,49.265,14,15,3,3,1,2,7.0,7.5,1.5,24.6325,1
Malachi Smith,BRK,73153.0,0.0,0.0,0.0,0.0,0.0,115803.0,26.0,15,358.82,124,51,49,12,4,14,8.266666666666667,3.4,3.2666666666666666,23.921333333333333,1
Kadary Richmond,WAS,73153.0,0.0,0.0,0.0,0.0,0.0,73153.0,24.0,3,66.8,25,10,8,8,1,2,8.333333333333334,3.3333333333333335,2.6666666666666665,22.266666666666666,1
Keshon Gilbert,WAS,73153.0,0.0,0.0,0.0,0.0,0.0,73153.0,23.0,4,73.78333333333333,17,5,12,3,4,8,4.25,1.25,3.0,18.445833333333333,1
Grant Nelson,BRK,73153.0,0.0,0.0,0.0,0.0,0.0,73153.0,24.0,4,35.01,17,6,5,1,5,4,4.25,1.5,1.25,8.7525,1
John Tonje,BOS,73153.0,0.0,0.0,0.0,0.0,0.0,73153.0,25.0,6,41.89833333333333,15,6,2,2,0,0,2.5,1.0,0.3333333333333333,6.983055555555556,1
Malachi Smith,BRK,73153.0,0.0,0.0,0.0,0.0,0.0,115803.0,26.0,15,358.82,124,51,49,12,4,14,8.266666666666667,3.4,3.2666666666666666,23.921333333333333,1
Lucas Williamson,MEM,21946.0,0.0,0.0,0.0,0.0,0.0,21946.0,27.0,7,223.74,73,38,18,11,1,10,10.428571428571429,5.428571428571429,2.5714285714285716,31.962857142857143,1
